Seed,100,225,400,625,900,1225
0,-135.6597262,-305.7773311,-518.6840788,-832.0937556,-1171.015619,-1578.540089
1,-125.3406671,-287.6785393,-555.2643443,-820.7717968,-1154.316907,-1600.908203
2,-127.5299567,-273.6003379,-534.8270066,-847.38639,-1173.734263,-1581.075821
3,-139.0084791,-297.376266,-527.901109,-800.0422008,-1221.894908,-1606.588874
4,-125.7966941,-296.2719926,-529.7465127,-828.6071166,-1184.298819,-1599.493932
5,-137.3555679,-296.8914994,-544.8779754,-795.5393464,-1165.105213,-1577.068077
6,-142.2650029,-297.7669246,-551.6280573,-845.5352344,-1169.651209,-1630.742469
7,-135.9774638,-289.8018593,-548.3138082,-823.780702,-1201.295674,-1609.558402
8,-134.7949671,-288.557684,-495.5793174,-838.5887018,-1176.323159,-1616.369332
9,-118.495062,-304.5851332,-534.8495561,-792.9901728,-1178.682276,-1627.725929
10,-136.5540007,-300.1527808,-535.871791,-818.2129037,-1192.405723,-1635.347929
11,-135.0952794,-283.6019113,-515.4431443,-839.0904014,-1187.363053,-1593.962208
12,-115.0534121,-313.033817,-546.99569,-809.5422912,-1222.891126,-1605.5917
13,-130.8806346,-305.0058258,-492.6293893,-810.3083962,-1171.641371,-1644.841499
14,-127.3556374,-291.5643074,-531.634092,-869.5858752,-1183.446985,-1647.000594
15,-132.8817272,-307.9731373,-514.2615005,-812.5312442,-1171.064225,-1630.660476
16,-127.4570034,-303.787275,-519.9149518,-805.3675543,-1172.219275,-1620.53057
17,-139.7969458,-296.952765,-542.5526649,-841.6686452,-1152.224898,-1586.644674
18,-118.1729474,-288.0362346,-549.427427,-832.7060721,-1164.327778,-1589.040437
19,-136.5221028,-299.801531,-519.3289994,-828.6213111,-1242.022794,-1617.959906
20,-145.1873338,-294.8583304,-529.342619,-782.2798446,-1159.75574,-1613.098767
21,-131.0183145,-295.3789114,-496.4573124,-834.5416424,-1186.08849,-1639.362656
22,-123.527731,-296.4881362,-550.0703091,-816.8429605,-1150.071276,-1601.590023
23,-133.1087941,-293.9619045,-533.1157373,-830.9657452,-1183.236895,-1592.231742
24,-112.5892663,-295.8556719,-543.9562081,-817.4684733,-1199.335961,-1592.287747
25,-129.0665037,-290.214478,-496.9615008,-813.5091965,-1213.163468,-1579.549837
26,-128.4376746,-294.1727788,-516.2862281,-788.0434901,-1163.731493,-1558.067375
27,-141.8290104,-300.2020392,-532.594708,-797.0270071,-1228.383175,-1590.399687
28,-130.8880795,-298.2184197,-500.7784825,-831.7462079,-1216.874336,-1585.185202
29,-127.2428371,-298.2851101,-512.1870667,-843.2071233,-1164.70671,-1643.96444
30,-131.0313945,-277.8519141,-518.8782864,-795.8161418,-1161.840595,-1633.811539
31,-146.2956128,-278.7062924,-532.9379754,-836.988701,-1166.473029,-1575.656771
32,-125.2104342,-282.2685222,-536.0553711,-810.0090973,-1201.750851,-1661.831311
33,-141.4562171,-287.1595242,-521.8671476,-839.3555706,-1194.034956,-1644.967196
34,-134.8412918,-302.6057922,-549.4486978,-789.8780407,-1216.940773,-1622.819366
35,-130.6364061,-291.4109813,-526.6364215,-803.5192588,-1180.563884,-1603.762018
36,-134.2929135,-315.1389414,-515.1638498,-812.8329239,-1157.685581,-1559.10085
37,-146.7336814,-294.0467131,-536.7851679,-838.1229966,-1157.002464,-1628.035649
38,-120.2758137,-293.9409365,-517.7184516,-830.5894789,-1182.280594,-1600.349962
39,-135.1529006,-305.0169398,-525.2674954,-818.0853984,-1169.176322,-1608.351261
40,-121.8252981,-289.1947093,-512.3581788,-824.0040179,-1179.904471,-1576.058803
41,-129.254556,-290.831303,-525.074785,-803.3489644,-1185.949434,-1647.466035
42,-130.5293301,-280.1449537,-500.2098734,-787.577382,-1207.783452,-1613.589156
43,-122.5369062,-292.7164107,-525.0616884,-828.9053189,-1218.199125,-1582.403618
44,-135.9570946,-309.4990029,-527.1655291,-802.717957,-1189.772924,-1580.339502
45,-120.9940782,-287.8843159,-512.2099573,-821.3730103,-1195.025424,-1628.545186
46,-143.589173,-297.2097223,-538.8475566,-789.6724286,-1206.252971,-1605.666059
47,-128.1249733,-295.3439461,-510.659889,-809.4930566,-1160.891518,-1575.614972
48,-130.2378168,-298.647349,-522.5594145,-777.3481723,-1184.024822,-1617.417771
49,-112.055115,-277.7079734,-540.8959833,-831.4237437,-1173.092316,-1594.0408
50,-137.0716009,,-534.8316458,,,
51,-131.3397956,,-509.3404783,,,
52,-133.7817881,,-525.495683,,,
53,-125.995229,,-530.1884589,,,
54,-134.0925233,,-547.0015072,,,
55,-131.1728652,,-515.419746,,,
56,-123.0815452,,-504.484248,,,
57,-130.6791379,,-534.2623543,,,
58,-128.3815947,,-497.2058602,,,
59,-134.8260682,,-515.5248408,,,
60,-125.1320464,,-530.7662412,,,
61,-136.7338931,,-529.9824028,,,
62,-119.1819493,,-504.0239198,,,
63,-137.786825,,-517.90239,,,
64,-122.765672,,-530.9378247,,,
65,-128.314122,,-525.7457387,,,
66,-134.2153956,,-523.2002161,,,
67,-122.2543949,,-531.1937274,,,
68,-129.6524247,,-549.2928564,,,
69,-126.2113419,,-534.2118051,,,
70,-137.9211373,,-519.8477865,,,
71,-125.7095471,,-540.3208751,,,
72,-131.080461,,-511.4259356,,,
73,-134.3296837,,-509.9348527,,,
74,-125.3654478,,-533.6020015,,,
75,-123.3707715,,-497.5372384,,,
76,-143.016318,,-514.92239,,,
77,-124.0071399,,-516.2339172,,,
78,-139.543657,,-529.0395503,,,
79,-129.1016772,,-529.253841,,,
80,-138.5611622,,-542.8646663,,,
81,-145.4951734,,-522.4568331,,,
82,-136.678785,,-511.5429679,,,
83,-130.3954162,,-496.4388005,,,
84,-135.698383,,-524.529858,,,
85,-122.9712818,,-521.3273212,,,
86,-117.6589459,,-533.1454697,,,
87,-132.6608288,,-533.6371154,,,
88,-130.6360549,,-505.1957776,,,
89,-141.8209863,,-544.5782585,,,
90,-125.5296628,,-525.1320545,,,
91,-137.2950782,,-542.5957188,,,
92,-125.1877765,,-519.2874038,,,
93,-132.7606919,,-551.1376128,,,
94,-129.1250117,,-501.9297474,,,
95,-133.8500093,,-502.3534925,,,
96,-140.897232,,-540.1264478,,,
97,-132.939488,,-524.0001636,,,
98,-129.2076546,,-520.0537696,,,
99,-126.6828242,,-510.3697406,,,
100,-135.1215149,,,,,
101,-131.1364317,,,,,
102,-130.7561759,,,,,
103,-135.2907078,,,,,
104,-128.6860642,,,,,
105,-125.3110403,,,,,
106,-123.8358419,,,,,
107,-125.4715794,,,,,
108,-145.5975711,,,,,
109,-131.9655693,,,,,
110,-135.4197847,,,,,
111,-134.2934687,,,,,
112,-134.1546185,,,,,
113,-123.7246991,,,,,
114,-135.5519446,,,,,
115,-127.9674456,,,,,
116,-136.4912145,,,,,
117,-129.2205491,,,,,
118,-129.5967001,,,,,
119,-141.3154769,,,,,
120,-128.3467766,,,,,
121,-129.3179041,,,,,
122,-122.3019728,,,,,
123,-139.3271088,,,,,
124,-138.9292338,,,,,
125,-125.0506394,,,,,
126,-140.9741381,,,,,
127,-144.9649479,,,,,
128,-129.2212251,,,,,
129,-130.4648588,,,,,
130,-135.613702,,,,,
131,-132.9546099,,,,,
132,-128.0004156,,,,,
133,-142.8944052,,,,,
134,-128.0402065,,,,,
135,-133.5462323,,,,,
136,-130.9133378,,,,,
137,-128.9900156,,,,,
138,-138.2207158,,,,,
139,-136.528752,,,,,
140,-119.9352469,,,,,
141,-120.0695312,,,,,
142,-124.4370167,,,,,
143,-119.3499513,,,,,
144,-137.0458841,,,,,
145,-125.3764171,,,,,
146,-125.3900688,,,,,
147,-127.0882629,,,,,
148,-108.7880456,,,,,
149,-127.1733036,,,,,
150,-126.7121875,,,,,
151,-113.0947749,,,,,
152,-134.2704543,,,,,
153,-134.7127701,,,,,
154,-140.6267289,,,,,
155,-143.3318268,,,,,
156,-129.8281816,,,,,
157,-138.2785982,,,,,
158,-137.7135967,,,,,
159,-119.6231595,,,,,
160,-134.4841628,,,,,
161,-129.8734412,,,,,
162,-123.9648214,,,,,
163,-143.5422128,,,,,
164,-132.5912449,,,,,
165,-125.7329654,,,,,
166,-123.7017217,,,,,
167,-128.1823602,,,,,
168,-121.3539594,,,,,
169,-119.0690896,,,,,
170,-129.9477805,,,,,
171,-137.3084883,,,,,
172,-124.9471605,,,,,
173,-144.0102402,,,,,
174,-149.5093079,,,,,
175,-132.6266891,,,,,
176,-134.7687258,,,,,
177,-123.2068044,,,,,
178,-114.9924352,,,,,
179,-128.5665764,,,,,
180,-129.1657316,,,,,
181,-134.6061107,,,,,
182,-135.1919053,,,,,
183,-130.8573301,,,,,
184,-120.9087134,,,,,
185,-129.4039616,,,,,
186,-125.4529532,,,,,
187,-133.9291103,,,,,
188,-133.7596546,,,,,
189,-132.7461695,,,,,
190,-135.3470519,,,,,
191,-122.3624025,,,,,
192,-133.1470292,,,,,
193,-126.8869368,,,,,
194,-133.8000513,,,,,
195,-129.6632551,,,,,
196,-142.5941825,,,,,
197,-125.0159116,,,,,
198,-131.3861066,,,,,
199,-132.3476755,,,,,
200,-140.2539233,,,,,
201,-114.869841,,,,,
202,-127.7486825,,,,,
203,-137.4655944,,,,,
204,-124.0006967,,,,,
205,-151.6623266,,,,,
206,-130.6334508,,,,,
207,-127.3289146,,,,,
208,-119.6794828,,,,,
209,-129.7194224,,,,,
210,-134.3345988,,,,,
211,-123.0240699,,,,,
212,-116.5786975,,,,,
213,-126.3040118,,,,,
214,-136.3608036,,,,,
215,-120.4181604,,,,,
216,-150.0407216,,,,,
217,-136.0138832,,,,,
218,-141.2911239,,,,,
219,-119.4320774,,,,,
220,-113.6773043,,,,,
221,-133.2399839,,,,,
222,-136.9450234,,,,,
223,-132.5220888,,,,,
224,-139.4289499,,,,,
225,-140.7894898,,,,,
226,-126.2650119,,,,,
227,-135.0781574,,,,,
228,-130.9842734,,,,,
229,-132.9088913,,,,,
230,-134.3634065,,,,,
231,-135.4433761,,,,,
232,-141.5230057,,,,,
233,-133.3783309,,,,,
234,-132.3689058,,,,,
235,-131.41788,,,,,
236,-130.8109593,,,,,
237,-129.1892076,,,,,
238,-136.7730981,,,,,
239,-133.2741011,,,,,
240,-127.2680746,,,,,
241,-140.4903267,,,,,
242,-127.8879668,,,,,
243,-125.6416689,,,,,
244,-138.4505039,,,,,
245,-138.8291442,,,,,
246,-128.4992273,,,,,
247,-134.2606392,,,,,
248,-137.5567097,,,,,
249,-148.6617784,,,,,
250,-120.5230575,,,,,
251,-133.6933905,,,,,
252,-124.2903937,,,,,
253,-141.6207726,,,,,
254,-120.5400677,,,,,
255,-143.9499839,,,,,
256,-132.569561,,,,,
257,-131.5840905,,,,,
258,-141.7229528,,,,,
259,-140.750152,,,,,
260,-119.6646333,,,,,
261,-136.2237399,,,,,
262,-130.8735919,,,,,
263,-126.0437036,,,,,
264,-127.5841436,,,,,
265,-128.7050871,,,,,
266,-125.3854681,,,,,
267,-127.4439451,,,,,
268,-126.0937976,,,,,
269,-125.9151924,,,,,
270,-137.3803179,,,,,
271,-123.7328664,,,,,
272,-128.1247161,,,,,
273,-141.8946011,,,,,
274,-140.3440233,,,,,
275,-122.7815863,,,,,
276,-129.0054417,,,,,
277,-126.5364509,,,,,
278,-122.3453489,,,,,
279,-132.1087944,,,,,
280,-141.8172619,,,,,
281,-127.906439,,,,,
282,-141.104114,,,,,
283,-126.7275419,,,,,
284,-125.820949,,,,,
285,-128.5079425,,,,,
286,-125.5355426,,,,,
287,-135.8845178,,,,,
288,-137.044078,,,,,
289,-123.9337884,,,,,
290,-127.9888574,,,,,
291,-140.5467908,,,,,
292,-130.1912587,,,,,
293,-121.4467745,,,,,
294,-122.116948,,,,,
295,-126.1441806,,,,,
296,-136.9025204,,,,,
297,-124.6392968,,,,,
298,-143.3645585,,,,,
299,-144.5328215,,,,,
300,-128.9259334,,,,,
301,-138.8312543,,,,,
302,-129.0455318,,,,,
303,-134.0900538,,,,,
304,-130.7616215,,,,,
305,-118.6229589,,,,,
306,-125.1913784,,,,,
307,-126.8086011,,,,,
308,-135.5840625,,,,,
309,-123.397089,,,,,
310,-120.3908927,,,,,
311,-134.5232203,,,,,
312,-130.7120781,,,,,
313,-125.9556072,,,,,
314,-140.3399381,,,,,
315,-125.2094982,,,,,
316,-141.2840116,,,,,
317,-127.7817728,,,,,
318,-145.713251,,,,,
319,-114.5628273,,,,,
320,-144.3531765,,,,,
321,-124.2675447,,,,,
322,-117.9772252,,,,,
323,-127.4388111,,,,,
324,-125.7666582,,,,,
325,-134.1737078,,,,,
326,-123.4647961,,,,,
327,-123.8205576,,,,,
328,-137.1725982,,,,,
329,-127.6809123,,,,,
330,-147.6899757,,,,,
331,-137.1126778,,,,,
332,-124.2361972,,,,,
333,-144.78038,,,,,
334,-121.7124687,,,,,
335,-124.1726533,,,,,
336,-131.6599813,,,,,
337,-134.8358069,,,,,
338,-131.1868968,,,,,
339,-125.0112609,,,,,
340,-134.0164368,,,,,
341,-133.3392846,,,,,
342,-122.2111322,,,,,
343,-135.5330709,,,,,
344,-125.5525615,,,,,
345,-133.5797788,,,,,
346,-131.0749381,,,,,
347,-123.0306813,,,,,
348,-136.1774891,,,,,
349,-147.1674893,,,,,
350,-115.019161,,,,,
351,-126.2755284,,,,,
352,-124.2453853,,,,,
353,-131.0242122,,,,,
354,-142.2866299,,,,,
355,-134.0892008,,,,,
356,-121.6939789,,,,,
357,-121.7591716,,,,,
358,-136.4305354,,,,,
359,-132.8818877,,,,,
360,-132.6592974,,,,,
361,-121.757154,,,,,
362,-135.6355127,,,,,
363,-118.7744994,,,,,
364,-136.9519697,,,,,
365,-134.440909,,,,,
366,-121.3739477,,,,,
367,-133.2098724,,,,,
368,-120.181978,,,,,
369,-121.0438497,,,,,
370,-134.1674621,,,,,
371,-136.1825577,,,,,
372,-133.1541356,,,,,
373,-138.0874899,,,,,
374,-127.5571185,,,,,
375,-134.1499018,,,,,
376,-140.2360118,,,,,
377,-139.7935952,,,,,
378,-131.2635155,,,,,
379,-125.8998887,,,,,
380,-135.2892189,,,,,
381,-137.2803617,,,,,
382,-113.5709388,,,,,
383,-136.0811323,,,,,
384,-119.4747542,,,,,
385,-123.6236525,,,,,
386,-129.785868,,,,,
387,-114.8160202,,,,,
388,-140.3764644,,,,,
389,-122.5038841,,,,,
390,-127.1139178,,,,,
391,-128.0069689,,,,,
392,-141.2856561,,,,,
393,-123.3923602,,,,,
394,-132.1663047,,,,,
395,-133.8902583,,,,,
396,-123.7478312,,,,,
397,-122.0616143,,,,,
398,-131.7681687,,,,,
399,-141.4490413,,,,,
400,-119.4385204,,,,,
401,-136.273266,,,,,
402,-132.0750044,,,,,
403,-125.6947156,,,,,
404,-112.5027738,,,,,
405,-126.6684821,,,,,
406,-135.4239598,,,,,
407,-142.8131774,,,,,
408,-128.5162759,,,,,
409,-126.7259243,,,,,
410,-136.7073507,,,,,
411,-133.515402,,,,,
412,-147.8839654,,,,,
413,-134.2340289,,,,,
414,-140.3387224,,,,,
415,-126.4304713,,,,,
416,-134.3005577,,,,,
417,-127.2841532,,,,,
418,-136.4263915,,,,,
419,-126.8117461,,,,,
420,-124.4078662,,,,,
421,-126.2448739,,,,,
422,-126.3584554,,,,,
423,-136.0176774,,,,,
424,-134.6065453,,,,,
425,-138.4880096,,,,,
426,-138.7906335,,,,,
427,-128.1898002,,,,,
428,-125.9179042,,,,,
429,-130.0720595,,,,,
430,-138.3668183,,,,,
431,-134.7370244,,,,,
432,-135.2829095,,,,,
433,-128.8659451,,,,,
434,-136.8715616,,,,,
435,-130.6331137,,,,,
436,-118.3893853,,,,,
437,-132.7020759,,,,,
438,-127.1753859,,,,,
439,-135.7686662,,,,,
440,-126.455092,,,,,
441,-141.6639249,,,,,
442,-122.2690596,,,,,
443,-135.8532192,,,,,
444,-129.2421412,,,,,
445,-136.5000484,,,,,
446,-120.6105922,,,,,
447,-124.0243299,,,,,
448,-121.9243543,,,,,
449,-133.572974,,,,,
450,-138.1467413,,,,,
451,-119.5098295,,,,,
452,-130.1067658,,,,,
453,-141.0547016,,,,,
454,-130.1858883,,,,,
455,-118.0275799,,,,,
456,-123.6020353,,,,,
457,-134.9492992,,,,,
458,-123.1989434,,,,,
459,-137.4115268,,,,,
460,-135.9580787,,,,,
461,-134.9242763,,,,,
462,-140.7291162,,,,,
463,-131.327792,,,,,
464,-132.5870025,,,,,
465,-128.8586261,,,,,
466,-131.5889037,,,,,
467,-115.6502263,,,,,
468,-123.8723634,,,,,
469,-131.0645565,,,,,
470,-128.8793773,,,,,
471,-139.7291907,,,,,
472,-141.4931726,,,,,
473,-124.1356361,,,,,
474,-136.2124632,,,,,
475,-126.9329186,,,,,
476,-123.6813866,,,,,
477,-134.2357205,,,,,
478,-127.5560322,,,,,
479,-134.5493137,,,,,
480,-128.6758904,,,,,
481,-131.7470333,,,,,
482,-134.6327551,,,,,
483,-133.5632195,,,,,
484,-134.5675173,,,,,
485,-131.6382285,,,,,
486,-122.383567,,,,,
487,-120.4937041,,,,,
488,-124.2426834,,,,,
489,-134.0639522,,,,,
490,-137.7514763,,,,,
491,-140.1865876,,,,,
492,-132.6408479,,,,,
493,-133.785008,,,,,
494,-126.2315114,,,,,
495,-126.9058966,,,,,
496,-132.3614144,,,,,
497,-131.8984472,,,,,
498,-121.2795229,,,,,
499,-134.0296747,,,,,
500,-124.0487091,,,,,
501,-123.2168491,,,,,
502,-124.8017988,,,,,
503,-137.1148917,,,,,
504,-137.4615945,,,,,
505,-133.3038392,,,,,
506,-135.5021478,,,,,
507,-135.6630379,,,,,
508,-130.3421156,,,,,
509,-149.4191047,,,,,
510,-137.281799,,,,,
511,-128.6995422,,,,,
512,-139.9350984,,,,,
513,-127.7463384,,,,,
514,-128.6041388,,,,,
515,-140.834665,,,,,
516,-130.3177817,,,,,
517,-132.6211506,,,,,
518,-132.8323584,,,,,
519,-134.1526115,,,,,
520,-137.8382098,,,,,
521,-135.1262176,,,,,
522,-120.9602563,,,,,
523,-137.7523421,,,,,
524,-140.857438,,,,,
525,-123.4694244,,,,,
526,-130.6487105,,,,,
527,-123.3715561,,,,,
528,-127.0937231,,,,,
529,-130.2296349,,,,,
530,-136.4527526,,,,,
531,-138.5312156,,,,,
532,-131.7061322,,,,,
533,-133.7666786,,,,,
534,-129.8671492,,,,,
535,-131.3077484,,,,,
536,-118.6358841,,,,,
537,-139.2154106,,,,,
538,-132.6735026,,,,,
539,-129.069272,,,,,
540,-134.9584217,,,,,
541,-120.3986599,,,,,
542,-129.2399036,,,,,
543,-136.3821892,,,,,
544,-128.626562,,,,,
545,-128.5700939,,,,,
546,-123.8196538,,,,,
547,-128.6148503,,,,,
548,-136.5044567,,,,,
549,-130.3419994,,,,,
550,-122.8654322,,,,,
551,-144.511177,,,,,
552,-117.1287828,,,,,
553,-125.5048228,,,,,
554,-118.2135633,,,,,
555,-129.5046875,,,,,
556,-140.0286393,,,,,
557,-118.1289454,,,,,
558,-140.9216286,,,,,
559,-135.6175555,,,,,
560,-117.9867079,,,,,
561,-140.6195314,,,,,
562,-132.4753139,,,,,
563,-138.3673382,,,,,
564,-136.8574486,,,,,
565,-130.8235793,,,,,
566,-131.2101735,,,,,
567,-128.4595123,,,,,
568,-121.5163989,,,,,
569,-137.5097308,,,,,
570,-133.2873225,,,,,
571,-131.401892,,,,,
572,-127.8629009,,,,,
573,-145.4041351,,,,,
574,-140.794609,,,,,
575,-130.1030221,,,,,
576,-123.275865,,,,,
577,-130.6720006,,,,,
578,-123.5097688,,,,,
579,-139.6219124,,,,,
580,-139.2527199,,,,,
581,-132.0673838,,,,,
582,-122.2762961,,,,,
583,-120.6314009,,,,,
584,-136.6676862,,,,,
585,-133.4711053,,,,,
586,-133.0718832,,,,,
587,-130.2241414,,,,,
588,-133.5158001,,,,,
589,-136.2532562,,,,,
590,-137.7181927,,,,,
591,-130.528516,,,,,
592,-135.1727742,,,,,
593,-119.0432468,,,,,
594,-137.7278165,,,,,
595,-119.196397,,,,,
596,-131.0223989,,,,,
597,-133.5118598,,,,,
598,-126.5229755,,,,,
599,-117.7584513,,,,,
600,-139.7102565,,,,,
601,-122.3557234,,,,,
602,-123.8416531,,,,,
603,-131.6311779,,,,,
604,-129.5998442,,,,,
605,-127.0640687,,,,,
606,-129.8022886,,,,,
607,-140.891836,,,,,
608,-145.6892088,,,,,
609,-128.3045889,,,,,
610,-124.4515615,,,,,
611,-131.3973315,,,,,
612,-121.3735013,,,,,
613,-135.6012313,,,,,
614,-124.0513817,,,,,
615,-120.7028631,,,,,
616,-136.4332278,,,,,
617,-128.4028589,,,,,
618,-135.737592,,,,,
619,-142.7884523,,,,,
620,-141.5861068,,,,,
621,-130.3132745,,,,,
622,-158.0808055,,,,,
623,-136.0715901,,,,,
624,-126.4144481,,,,,
625,-135.9634211,,,,,
626,-131.4042302,,,,,
627,-136.3003586,,,,,
628,-115.1344925,,,,,
629,-143.8880832,,,,,
630,-123.8383556,,,,,
631,-125.8370955,,,,,
632,-116.9315336,,,,,
633,-135.4532344,,,,,
634,-142.2379247,,,,,
635,-149.4732484,,,,,
636,-129.3586398,,,,,
637,-131.1248045,,,,,
638,-131.924274,,,,,
639,-122.7932294,,,,,
640,-121.4367916,,,,,
641,-134.062318,,,,,
642,-130.6794209,,,,,
643,-123.1820706,,,,,
644,-138.4811166,,,,,
645,-133.4827022,,,,,
646,-137.0260482,,,,,
647,-129.0283857,,,,,
648,-140.1274972,,,,,
649,-122.9203366,,,,,
650,-133.5789405,,,,,
651,-127.2848619,,,,,
652,-126.5324747,,,,,
653,-128.8603524,,,,,
654,-130.6632414,,,,,
655,-144.8309474,,,,,
656,-139.8964938,,,,,
657,-138.3043657,,,,,
658,-126.3181257,,,,,
659,-131.8730282,,,,,
660,-128.857815,,,,,
661,-137.1106602,,,,,
662,-137.9950348,,,,,
663,-126.376332,,,,,
664,-128.0174186,,,,,
665,-131.171962,,,,,
666,-125.2128868,,,,,
667,-142.962421,,,,,
668,-120.2127368,,,,,
669,-126.4551472,,,,,
670,-135.5778124,,,,,
671,-119.2262768,,,,,
672,-140.1328835,,,,,
673,-125.5973014,,,,,
674,-124.8833243,,,,,
675,-127.4649912,,,,,
676,-127.256454,,,,,
677,-140.1045281,,,,,
678,-136.9168707,,,,,
679,-124.4531959,,,,,
680,-134.3285169,,,,,
681,-132.5088553,,,,,
682,-138.0585337,,,,,
683,-130.6803878,,,,,
684,-134.2569856,,,,,
685,-126.2642036,,,,,
686,-129.2506665,,,,,
687,-137.0918336,,,,,
688,-124.7012182,,,,,
689,-127.6989235,,,,,
690,-129.7593343,,,,,
691,-137.4737975,,,,,
692,-131.3398724,,,,,
693,-116.3734812,,,,,
694,-119.981268,,,,,
695,-137.7605448,,,,,
696,-125.4306709,,,,,
697,-130.2717386,,,,,
698,-128.0365457,,,,,
699,-131.2097011,,,,,
700,-137.9285132,,,,,
701,-133.2256105,,,,,
702,-125.5344902,,,,,
703,-136.8905609,,,,,
704,-133.5244087,,,,,
705,-135.2131632,,,,,
706,-140.1761458,,,,,
707,-128.1531754,,,,,
708,-123.0505665,,,,,
709,-138.8983778,,,,,
710,-134.5464546,,,,,
711,-128.3800949,,,,,
712,-121.2005571,,,,,
713,-129.810253,,,,,
714,-123.7192108,,,,,
715,-137.431406,,,,,
716,-121.9813535,,,,,
717,-125.8637268,,,,,
718,-131.8223977,,,,,
719,-122.568636,,,,,
720,-140.0349718,,,,,
721,-128.8731611,,,,,
722,-143.3634162,,,,,
723,-128.2601852,,,,,
724,-133.4842306,,,,,
725,-125.6311297,,,,,
726,-136.1436608,,,,,
727,-136.3625839,,,,,
728,-129.9833441,,,,,
729,-132.692295,,,,,
730,-139.8177645,,,,,
731,-134.5717556,,,,,
732,-127.6100228,,,,,
733,-126.5564048,,,,,
734,-136.4411466,,,,,
735,-130.4765679,,,,,
736,-136.1464944,,,,,
737,-131.0756973,,,,,
738,-132.6691195,,,,,
739,-127.0175158,,,,,
740,-127.8233909,,,,,
741,-129.7252654,,,,,
742,-124.9616583,,,,,
743,-134.6760836,,,,,
744,-128.3614609,,,,,
745,-140.8534016,,,,,
746,-141.4187696,,,,,
747,-135.4698605,,,,,
748,-124.7510144,,,,,
749,-127.9024614,,,,,
750,-139.4000282,,,,,
751,-131.76683,,,,,
752,-122.3718985,,,,,
753,-125.3225313,,,,,
754,-134.8326335,,,,,
755,-135.5628233,,,,,
756,-128.6161203,,,,,
757,-134.6543209,,,,,
758,-114.4264065,,,,,
759,-135.4151724,,,,,
760,-134.1228338,,,,,
761,-120.8574539,,,,,
762,-125.6331545,,,,,
763,-131.7803732,,,,,
764,-153.87081,,,,,
765,-126.3418291,,,,,
766,-125.8511825,,,,,
767,-129.6111324,,,,,
768,-122.6879517,,,,,
769,-130.0961215,,,,,
770,-124.0216062,,,,,
771,-130.0899156,,,,,
772,-141.70075,,,,,
773,-134.7579853,,,,,
774,-127.6505204,,,,,
775,-139.5874935,,,,,
776,-132.1163153,,,,,
777,-137.9765093,,,,,
778,-137.600373,,,,,
779,-136.8489828,,,,,
780,-138.6045682,,,,,
781,-120.9688698,,,,,
782,-114.1499994,,,,,
783,-137.2112327,,,,,
784,-127.6733429,,,,,
785,-132.6356092,,,,,
786,-118.5037296,,,,,
787,-137.7209042,,,,,
788,-125.5888794,,,,,
789,-132.4022483,,,,,
790,-124.4075621,,,,,
791,-119.2731429,,,,,
792,-144.0984744,,,,,
793,-125.0787606,,,,,
794,-138.5765351,,,,,
795,-140.600886,,,,,
796,-123.7051202,,,,,
797,-128.3798082,,,,,
798,-117.3892252,,,,,
799,-133.3914645,,,,,
800,-138.903888,,,,,
801,-124.8758254,,,,,
802,-134.5512383,,,,,
803,-134.6953429,,,,,
804,-140.0867048,,,,,
805,-146.6874886,,,,,
806,-139.4692883,,,,,
807,-139.3776524,,,,,
808,-136.388789,,,,,
809,-120.9975041,,,,,
810,-134.9639048,,,,,
811,-133.7741927,,,,,
812,-127.8189866,,,,,
813,-132.625323,,,,,
814,-131.3328568,,,,,
815,-126.7096667,,,,,
816,-124.0524722,,,,,
817,-126.2262734,,,,,
818,-142.1988443,,,,,
819,-124.2258881,,,,,
820,-129.1417453,,,,,
821,-142.5702236,,,,,
822,-121.7303853,,,,,
823,-137.7411394,,,,,
824,-140.0212976,,,,,
825,-130.9636707,,,,,
826,-132.709029,,,,,
827,-130.3490783,,,,,
828,-136.636196,,,,,
829,-142.1141099,,,,,
830,-139.0303099,,,,,
831,-132.4937537,,,,,
832,-126.3466305,,,,,
833,-130.2647335,,,,,
834,-135.4035494,,,,,
835,-134.5286149,,,,,
836,-131.1766648,,,,,
837,-133.5065269,,,,,
838,-143.2244699,,,,,
839,-133.8631973,,,,,
840,-124.5520029,,,,,
841,-123.0336744,,,,,
842,-132.3863598,,,,,
843,-130.2665972,,,,,
844,-123.548678,,,,,
845,-142.4772954,,,,,
846,-141.5094706,,,,,
847,-129.5839243,,,,,
848,-129.198315,,,,,
849,-127.4700662,,,,,
850,-131.1774822,,,,,
851,-126.832613,,,,,
852,-130.8371109,,,,,
853,-127.0352778,,,,,
854,-125.2514765,,,,,
855,-143.4025567,,,,,
856,-137.9543087,,,,,
857,-129.1319218,,,,,
858,-125.405015,,,,,
859,-121.647384,,,,,
860,-124.3059964,,,,,
861,-122.3730771,,,,,
862,-112.8145373,,,,,
863,-128.3649355,,,,,
864,-133.2547958,,,,,
865,-126.2665097,,,,,
866,-134.15401,,,,,
867,-135.929476,,,,,
868,-131.4947034,,,,,
869,-131.1520482,,,,,
870,-146.3547137,,,,,
871,-129.5471586,,,,,
872,-142.8995267,,,,,
873,-131.2114732,,,,,
874,-132.2075283,,,,,
875,-132.6025599,,,,,
876,-141.9599955,,,,,
877,-136.965883,,,,,
878,-130.8531057,,,,,
879,-124.9687121,,,,,
880,-131.5294317,,,,,
881,-130.3086345,,,,,
882,-130.4454717,,,,,
883,-124.1820432,,,,,
884,-119.0191136,,,,,
885,-118.7856778,,,,,
886,-134.0912225,,,,,
887,-129.2171908,,,,,
888,-129.5305629,,,,,
889,-139.4511738,,,,,
890,-123.1211829,,,,,
891,-122.1156104,,,,,
892,-120.1091735,,,,,
893,-126.2670455,,,,,
894,-125.1801928,,,,,
895,-132.5402401,,,,,
896,-133.6567786,,,,,
897,-133.1825602,,,,,
898,-136.8616453,,,,,
899,-139.67601,,,,,
900,-138.121969,,,,,
901,-133.9042168,,,,,
902,-129.9996793,,,,,
903,-141.1922759,,,,,
904,-139.9118806,,,,,
905,-143.0207072,,,,,
906,-127.4104176,,,,,
907,-123.4675496,,,,,
908,-138.8563832,,,,,
909,-135.3876701,,,,,
910,-139.1812319,,,,,
911,-128.6244848,,,,,
912,-136.1002794,,,,,
913,-137.1502792,,,,,
914,-121.3023397,,,,,
915,-122.6685251,,,,,
916,-129.2722956,,,,,
917,-138.337405,,,,,
918,-131.2891481,,,,,
919,-140.3723238,,,,,
920,-132.6439973,,,,,
921,-146.3344996,,,,,
922,-129.8451856,,,,,
923,-126.542328,,,,,
924,-132.3366132,,,,,
925,-115.9421016,,,,,
926,-120.7951071,,,,,
927,-125.8217848,,,,,
928,-127.7736293,,,,,
929,-128.3049877,,,,,
930,-138.8737867,,,,,
931,-132.9092498,,,,,
932,-147.4835884,,,,,
933,-122.9530168,,,,,
934,-120.5549448,,,,,
935,-134.4144199,,,,,
936,-131.3854175,,,,,
937,-134.1361755,,,,,
938,-147.1105145,,,,,
939,-127.3119737,,,,,
940,-125.4752589,,,,,
941,-138.13721,,,,,
942,-120.1666868,,,,,
943,-153.7126128,,,,,
944,-124.5367976,,,,,
945,-131.4769749,,,,,
946,-135.7414017,,,,,
947,-133.3772776,,,,,
948,-131.1107583,,,,,
949,-137.5208746,,,,,
950,-123.441301,,,,,
951,-131.4960135,,,,,
952,-140.1829274,,,,,
953,-145.1080515,,,,,
954,-124.0990402,,,,,
955,-142.2711945,,,,,
956,-125.6739244,,,,,
957,-129.0111644,,,,,
958,-144.7456045,,,,,
959,-137.7243713,,,,,
960,-123.5399188,,,,,
961,-138.0805306,,,,,
962,-130.6507868,,,,,
963,-130.8707064,,,,,
964,-127.6556145,,,,,
965,-130.2505196,,,,,
966,-136.6331573,,,,,
967,-122.011631,,,,,
968,-134.4735158,,,,,
969,-134.5373586,,,,,
970,-120.9080452,,,,,
971,-135.910864,,,,,
972,-136.9069115,,,,,
973,-122.5577847,,,,,
974,-135.0858203,,,,,
975,-133.6859331,,,,,
976,-149.3773472,,,,,
977,-139.6361641,,,,,
978,-127.747112,,,,,
979,-127.8864459,,,,,
980,-140.8218959,,,,,
981,-124.3767539,,,,,
982,-126.059882,,,,,
983,-122.0372171,,,,,
984,-113.4756514,,,,,
985,-130.5267691,,,,,
986,-127.0779647,,,,,
987,-121.6869522,,,,,
988,-143.0446251,,,,,
989,-128.9727568,,,,,
990,-139.9222689,,,,,
991,-132.1635927,,,,,
992,-145.8706566,,,,,
993,-121.4928299,,,,,
994,-133.4259211,,,,,
995,-125.0520768,,,,,
996,-136.5256782,,,,,
997,-129.3468943,,,,,
998,-124.1237306,,,,,
999,-124.4473951,,,,,