Seed,3,4,5,6,7,8,9,10
0,-1.719963064,-1.532867715,-2.715005272,-5.491138368,-4.103834537,-3.882506759,-5.914179677,-6.217264451
1,-1.388521403,-0.6171931732,-1.749202161,-2.825085669,-4.35310099,-5.786337017,-3.854286077,-9.173865309
2,-0.7103959464,-1.855226698,-2.304578666,-5.741211337,-7.746158233,-6.377753075,-6.037075371,-5.03517256
3,-1.404881552,-3.060085114,-4.215156558,-3.758773587,-5.75550739,-6.515170022,-4.699253856,-5.072955187
4,-0.9963087234,-1.679021115,-3.027627011,-2.646838599,-3.217644173,-5.597313577,-6.318871549,-5.492679201
5,-2.558697174,-2.577411717,-1.173164271,-3.433510131,-6.073126133,-7.216004778,-5.733136237,-5.627912402
6,-1.017047092,-1.913968247,-3.401929273,-3.267935538,-8.594870561,-4.351096177,-7.814655281,-5.863719579
7,-1.195182228,-1.552357636,-4.902303706,-1.77867362,-4.852473884,-4.87226066,-6.457696202,-6.362709012
8,-2.915060667,-1.393184249,-5.401569908,-4.676810116,-4.392811433,-6.433200677,-8.511739311,-7.033441602
9,-2.405549846,-2.162535054,-3.758785316,-3.491570889,-6.221820641,-4.025746907,-7.678966041,-9.534096437
10,-0.8601566564,-1.47919944,-4.126005835,-1.995201916,-3.268366394,-7.209918385,-4.695623387,-7.983504582
11,-1.15318072,-0.8906272912,-3.043456398,-4.16682356,-4.200221448,-6.272956401,-5.02478048,-5.630018537
12,-1.067974833,-2.713594368,-1.441201737,-2.386202772,-5.114856068,-5.051850916,-3.372374786,-6.913342393
13,-1.737047616,-2.018072568,-2.816933205,-4.350242157,-3.90068612,-6.043189975,-3.671633926,-7.792148549
14,-1.697169336,-3.456106984,-3.784804628,-5.211641703,-4.399847587,-6.08611087,-8.934388064,-7.048710572
15,-2.969800589,-1.589559408,-4.982502768,-4.349822276,-3.318815189,-3.882555923,-7.337013003,-5.247870323
16,-0.8948031738,-3.22533865,-3.225172823,-3.078222112,-5.470447621,-4.421736117,-4.533511457,-4.909089563
17,-0.9917629291,-4.287932886,-3.55516097,-3.09055966,-4.973185223,-5.515160891,-5.175593468,-6.149849842
18,-1.642030881,-1.186891609,-3.739822232,-6.131026185,-4.523696358,-5.847329501,-4.003579919,-6.512554227
19,-0.2948804947,-3.009143456,-3.538360297,-2.881228796,-4.208841507,-6.240007781,-7.271075136,-4.669022132
20,-2.367063108,-1.261207395,-6.787909244,-4.266673662,-3.914299094,-6.020762648,-6.346905399,-8.835068212
21,-2.284585209,-1.97818058,-2.507771629,-5.561945379,-5.164914479,-6.348926809,-6.893015714,-6.965611545
22,-1.590903097,-1.354998341,-1.748200797,-3.42951418,-6.393983669,-4.735624265,-5.803982267,-8.040035827
23,-1.685547551,-3.804744957,-2.589428754,-4.201759861,-6.934696395,-4.797152924,-8.963709034,-7.879749328
24,-2.93486958,-2.646686838,-2.090763467,-5.469211987,-3.350280454,-7.573971587,-5.226786168,-4.833134125
25,-1.286594955,-1.780945886,-1.819497421,-4.64131796,-2.972845091,-6.555276578,-6.564217036,-4.939452102
26,-1.670524962,-3.404265231,-1.527156365,-4.637953208,-4.604675464,-4.025123131,-7.359984417,-6.214639494
27,-1.254265956,-4.494913352,-2.343587387,-2.76451437,-5.888504318,-3.474799658,-7.455097857,-5.22946418
28,-2.036049581,-4.440368714,-1.463764028,-4.750599862,-7.051253349,-7.014943734,-11.98233215,-8.636260978
29,-2.295273646,-3.820402752,-6.741904063,-4.366860313,-5.169161697,-5.203293536,-6.513883212,-4.876080498
30,-0.8267550377,-1.937134825,-2.58425169,-4.748329739,-4.153199785,-5.364915931,-5.32235028,-5.082266713
31,-2.539561339,-1.437260199,-2.035522551,-3.769167874,-5.12581238,-6.762105442,-4.031534983,-11.17301398
32,-1.262816139,-2.033540638,-4.140651047,-3.790546314,-3.931403937,-3.980057699,-7.649361337,-8.145894591
33,-3.470558962,-2.319623811,-2.769987907,-4.021244576,-2.97907496,-7.107757918,-9.026414669,-7.481339244
34,-1.622143783,-2.362734803,-3.680340959,-5.910689996,-3.748390133,-5.179592721,-7.8959024,-8.759519194
35,-0.867096913,-3.284853327,-5.132175382,-1.565677978,-8.607551073,-5.878166483,-7.179752719,-6.177721528
36,-0.7931512659,-1.705249683,-1.036790002,-3.548821127,-7.57998781,-6.161501655,-5.288682205,-10.70725773
37,-1.249591418,-1.108198264,-3.843050358,-2.512400128,-3.889496438,-11.66356602,-7.866706339,-4.757655279
38,-0.5869947685,-1.940954525,-2.924122556,-4.31085139,-4.478774633,-1.634192668,-6.307680673,-5.946749445
39,-0.2771811786,-1.89390357,-1.539146218,-4.910399423,-4.011125647,-3.294167291,-4.222788195,-5.336404306
40,-1.350015076,-2.102902454,-2.269171253,-5.858323179,-5.271636218,-6.434282306,-7.775300246,-6.200098305
41,-2.55753788,-5.181627627,-2.308535786,-4.866710976,-6.709705947,-3.168928605,-12.11806744,-8.981719
42,-1.020653987,-3.752375044,-2.719917668,-6.259363772,-3.436310464,-7.342170423,-8.66919538,-8.165496023
43,-1.709048672,-4.787328953,-1.885543404,-2.866352651,-6.437060346,-8.681542672,-7.467803821,-6.834891951
44,-0.9137688413,-1.812766139,-2.322357364,-4.930774774,-5.468587393,-3.954634477,-8.310897775,-9.326453191
45,-0.9844871514,-2.253134031,-3.556187101,-4.182703284,-4.182080771,-7.254065685,-3.758452668,-8.199671685
46,-1.039766906,-1.775984769,-3.439430237,-3.269281169,-5.766747697,-4.328127545,-7.540048846,-6.025874722
47,-0.2732181182,-0.8186910037,-4.984093761,-3.900940265,-5.361765006,-5.604545128,-4.583144219,-12.37902797
48,-2.170251405,-0.9605105827,-2.476535326,-5.835375577,-2.813847927,-4.134554917,-5.75595494,-8.053135015
49,-1.417924242,-1.308962081,-3.250673575,-6.773149628,-6.056050814,-4.287534813,-10.4805772,-7.346818527
50,-0.9918717736,-0.9725917043,-2.514809504,-4.287382565,-3.364263212,-9.258565043,-7.114844368,-6.042434523
51,-0.1468472174,-2.884785152,-4.901137656,-4.918338835,-3.110593329,-6.437142239,-5.964552602,-7.607275846
52,-0.4671901165,-1.574470297,-3.441005397,-2.068294411,-8.673372647,-5.923272626,-9.108152971,-6.091385867
53,-1.024258409,-4.068546672,-2.660730228,-4.517582002,-3.387636783,-6.916919331,-10.90952039,-5.758801957
54,-1.329341824,-1.003571952,-2.98349784,-4.304994766,-4.468864903,-4.552081971,-6.098020445,-8.341936509
55,-3.220035239,-2.708831424,-2.419168057,-5.200531195,-2.867207578,-7.066552597,-6.075741542,-4.616348779
56,-1.588053216,-2.236912133,-3.226654744,-4.477319429,-5.257112304,-4.15017639,-6.520577911,-5.992680147
57,-2.155127942,-1.814315226,-1.00820761,-2.869013359,-5.184022416,-4.561648519,-4.678391647,-7.976219513
58,-0.1371635622,-1.164802095,-2.211886762,-3.070983597,-3.934844944,-5.458864906,-6.725000354,-5.676084357
59,-2.184822325,-2.397673081,-2.050431876,-2.187291848,-7.017662277,-6.493593961,-6.793582794,-8.933819743
60,-0.4534227364,-2.010437385,-2.927370637,-3.574259581,-4.620165743,-5.70245094,-10.61412423,-6.440593814
61,-1.832458271,-2.140182078,-2.636430965,-5.027959458,-7.666983163,-2.470469922,-5.833807083,-9.831899875
62,-2.418309904,-1.332499892,-2.50988945,-1.148764628,-3.01325896,-6.143690693,-3.349577688,-5.707171899
63,-1.94558904,-1.622498443,-2.859906348,-5.038559783,-3.649769539,-6.968844736,-9.662512617,-7.949513596
64,-2.690314287,-2.411024966,-5.980570513,-4.349792239,-4.108836439,-3.271303099,-5.703567311,-8.46552279
65,-1.168200552,-2.919627748,-3.576385793,-5.166664341,-4.754115604,-4.547884755,-7.83189593,-3.805899634
66,-2.91223721,-2.294044422,-4.094096794,-4.057065725,-4.285915118,-7.948511686,-6.327642576,-6.674647029
67,-1.440735504,-3.870410519,-1.880459062,-4.755728567,-2.570062482,-6.163135726,-8.368162168,-9.749168801
68,-1.558868826,-1.588953375,-3.973220731,-3.680929808,-4.644331923,-6.266615683,-7.004101321,-7.620591013
69,-0.9212186466,-2.906661994,-1.818446279,-2.332639536,-4.936191502,-6.417554939,-4.447588333,-7.049468463
70,-0.8161567122,-2.403044346,-2.83487685,-4.107932002,-5.283411785,-4.472168334,-5.676957885,-4.409744121
71,-0.3021925273,-1.868006824,-3.523176508,-3.743279778,-8.620328675,-8.226686949,-3.872640759,-5.665332673
72,-3.284214561,-4.507883863,-2.98082319,-3.967585726,-6.428677926,-7.026099306,-3.328711969,-8.512348747
73,-0.9035184978,-1.035278587,-5.706027969,-4.776533221,-2.526764085,-4.641859616,-9.723946634,-8.515217471
74,-3.568153901,-1.193612107,-2.099206748,-3.204940617,-7.084590402,-6.781783909,-6.184429663,-8.077982258
75,-2.93804769,-2.941415859,-1.843713825,-1.721127628,-4.77261232,-9.372514777,-6.051304558,-9.18993606
76,-0.8285876504,-0.6310334587,-5.543534907,-2.299737991,-6.101957797,-7.012090054,-8.590102683,-6.054673278
77,-1.155423737,-1.270598204,-2.584498173,-5.774222562,-4.644654567,-6.162135624,-5.767231209,-4.023102312
78,-1.244106544,-3.096231356,-2.22461006,-5.431722783,-3.971964341,-6.842536962,-3.215596999,-10.10960661
79,-1.34611612,-2.78744366,-3.451868343,-4.788579402,-3.300269757,-4.036082646,-8.716643497,-5.923582887
80,-0.9448900865,-2.736385754,-4.36129138,-5.621617116,-8.411002454,-7.820508962,-5.082492585,-4.731734412
81,-0.6746800961,-2.389355839,-4.846957356,-4.942441831,-5.214516449,-8.820188506,-4.934044641,-9.076797188
82,-0.142588222,-2.523833181,-2.414348381,-5.280857402,-5.354249008,-6.700883147,-6.578640349,-8.096586341
83,-1.276989091,-2.503248334,-2.693166776,-5.65656858,-3.62898518,-4.393525649,-4.431056526,-5.33366587
84,-1.184061573,-4.783883502,-5.599600204,-5.059257849,-4.577905666,-6.009320526,-8.294750281,-9.097451723
85,-1.235492439,-2.232024497,-4.354511837,-6.135129444,-5.222675794,-5.489867323,-6.227700256,-6.507411261
86,-1.037009618,-3.08151761,-3.60590016,-5.208503937,-5.31130049,-6.493461949,-5.614624715,-5.715185702
87,-2.074395895,-3.411909343,-1.503853001,-7.338812006,-3.211370348,-7.328969776,-5.457918293,-5.649518592
88,-1.698032931,-1.406624116,-2.596925541,-2.779714368,-5.072748819,-5.130147429,-6.584779336,-9.747857749
89,-1.435228166,-2.253809319,-3.114551096,-3.571829393,-7.153091148,-6.91248012,-10.42448983,-4.918047215
90,-1.457245551,-2.834063629,-4.88302884,-3.786664739,-4.027155483,-6.344618497,-5.802950491,-7.759995383
91,-0.8216435855,-1.902752473,-2.636485701,-2.669258918,-4.997497916,-6.701912192,-7.100164752,-8.3194142
92,-1.778979427,-2.062400069,-3.258097552,-4.914593179,-2.871297498,-6.781650927,-4.151232374,-7.761454419
93,-2.081531216,-3.617024175,-3.795207921,-2.937138711,-4.953000633,-3.32389172,-5.462070872,-7.129185726
94,-1.557618051,-1.663522532,-1.406860358,-4.72422472,-6.903422381,-4.041938935,-8.800814481,-8.852771502
95,-0.7373744175,-0.8713587096,-2.076477162,-5.759177703,-3.091859482,-6.574725471,-6.008338828,-7.294315455
96,-2.14511315,-0.995503506,-4.027367818,-3.660377674,-5.180815055,-4.578908929,-9.574725872,-5.090138224
97,-1.139636806,-2.52025194,-5.027544961,-2.454500992,-3.027955521,-5.706680136,-6.57089185,-6.274467073
98,-1.065675781,-1.144541483,-3.443178782,-3.090709962,-2.499757506,-5.516665375,-4.102665172,-6.491970809
99,-1.138133975,-3.266967156,-1.909172337,-4.208200657,-4.309982404,-3.752918878,-7.080319533,-6.370413207
100,-1.128053744,-3.050394783,-1.726649495,-0.9933177243,-8.55269058,-6.20090096,-4.824929666,-4.491718486
101,-1.498184651,-2.939471358,-3.130972297,-3.61645914,-6.456332821,-4.169548398,-8.253304838,-6.691707761
102,-1.523337863,-1.718481237,-2.64655634,-5.052260092,-4.352329851,-7.444446818,-8.483365644,-6.942679231
103,-1.964266062,-1.42197988,-3.642133846,-3.026692269,-4.958765281,-7.148719911,-6.924739319,-8.532692213
104,-3.438746472,-3.836271947,-1.668035614,-5.844722443,-2.225145797,-4.708834643,-9.681406678,-7.24785565
105,-1.01488442,-3.197677551,-3.013931384,-5.078356357,-5.451451209,-3.004450504,-4.523818579,-7.785542326
106,-0.800461811,-0.7313219736,-3.950391382,-3.494103809,-4.703542071,-5.265737187,-6.85964455,-6.611847082
107,-0.9078922624,-2.860648304,-4.84872431,-2.993540768,-6.817304517,-3.440682863,-8.85726798,-5.466196603
108,-3.356376286,-3.089508264,-1.614092622,-3.563836039,-4.462460992,-3.53319691,-5.41646865,-5.568058741
109,-0.4426441351,-1.289852714,-2.81666018,-6.337875495,-5.082628202,-5.644397388,-5.934553872,-8.369772171
110,-3.255546194,-2.627202108,-3.545822584,-2.776480368,-3.568016357,-10.99849029,-6.124564156,-8.848767679
111,-1.860742179,-2.029566577,-2.083697173,-3.042263964,-5.852516783,-7.584404672,-8.783533064,-9.271686815
112,-0.09794263485,-2.558015094,-4.406681714,-3.234346253,-4.832475466,-3.497189822,-7.975554421,-6.338912841
113,-0.7734998972,-3.34679149,-2.755484624,-4.081916607,-5.612075867,-4.37482689,-3.841541953,-5.896168198
114,-1.118467219,-1.520032726,-2.085926275,-2.794129224,-7.710767319,-6.422606954,-7.892700644,-7.212901769
115,-2.382545132,-3.202348317,-2.27428495,-4.439770428,-1.888552326,-6.921987749,-8.824530321,-5.379927279
116,-1.888050894,-1.975460648,-3.40015434,-4.180850829,-4.246135987,-8.587619684,-4.954030416,-10.47265263
117,-1.723173344,-3.407767425,-0.7047040984,-3.800317258,-4.540977355,-5.838416113,-3.677533943,-6.991548914
118,-2.050487187,-2.226925898,-4.889190893,-2.714658769,-5.702362245,-6.377550476,-6.823038933,-9.091525144
119,-1.728519475,-2.575614919,-2.353664468,-2.835676439,-2.166119985,-5.544505877,-5.606532833,-7.62159975
120,-2.151052066,-2.911705833,-4.133671722,-4.861867265,-3.710429486,-4.884713146,-4.267495816,-8.398088682
121,-1.15616218,-3.192538763,-4.662173854,-3.327739837,-4.778480986,-3.636730575,-9.647698987,-7.928722537
122,-1.303175827,-2.629047727,-2.902926763,-2.816640112,-4.676226305,-3.579591148,-4.094065226,-4.973372512
123,-1.424570779,-0.6267890722,-3.742004069,-2.401286619,-5.911887736,-7.488894705,-5.51530743,-7.474376842
124,-0.7403797656,-3.001165746,-1.969898496,-3.218713491,-4.268969581,-4.10226689,-5.60833408,-6.233515513
125,-2.531229198,-1.725699617,-3.287397309,-3.721428889,-2.123967303,-4.469234065,-4.473395612,-7.444023962
126,-0.4063939536,-0.9731390725,-3.859402297,-2.237286838,-6.116824004,-4.324552062,-6.730639914,-5.714699548
127,-0.8709513139,-2.288190504,-3.433915712,-2.364878345,-4.186940242,-5.242365971,-4.859082715,-7.174609186
128,-0.963499633,-1.844756565,-2.828135629,-3.017352046,-5.038920557,-5.119699354,-7.345435284,-8.408493846
129,-1.539123909,-2.094922142,-4.360060306,-4.470264301,-5.216270715,-7.253449797,-5.572912486,-7.423948992
130,-1.416356224,-2.6375152,-4.441945371,-3.245744407,-4.450247941,-6.079949749,-7.892768076,-7.843932663
131,-0.3026935495,-2.156014615,-2.96993239,-4.710114345,-4.326811995,-3.937046739,-10.78039986,-9.427060954
132,-1.408492756,-1.179268555,-3.047841377,-4.054182188,-2.386208894,-7.270446843,-4.939179496,-8.646918014
133,-0.9177690855,-3.496688358,-3.415379579,-4.809784396,-6.548224501,-6.477533179,-9.884374318,-8.023697314
134,-1.793006167,-4.753195587,-1.423254563,-2.099949125,-6.399974604,-5.518758881,-6.364883317,-6.973128653
135,-0.85134661,-1.679473187,-3.025299337,-5.206547822,-5.288114176,-4.560064104,-8.396372584,-6.429211943
136,-2.310330014,-0.4327265731,-2.066616339,-3.960905879,-3.024061664,-4.468034918,-4.568553124,-8.154519362
137,-1.672838693,-2.855518612,-4.245091469,-2.426479353,-6.425297144,-5.578115594,-8.153015481,-7.387323437
138,-1.614466114,-1.053251044,-3.65581658,-5.618438302,-4.999406796,-3.906910504,-7.604017989,-5.561823814
139,-2.496066878,-3.357373163,-4.265265208,-3.23677557,-3.040040421,-2.690662377,-8.402532612,-6.191634509
140,-2.504117592,-1.153449587,-3.198630265,-2.69445947,-3.957082222,-5.234399513,-5.18327457,-7.210486818
141,-2.828296345,-2.4704074,-3.37514349,-4.785792398,-1.541670954,-9.70422063,-4.316806947,-7.146492726
142,-3.154922017,-3.5451565,-5.050811349,-1.767283257,-2.647363137,-4.984256438,-8.119940471,-9.135024041
143,-2.427218292,-1.629039768,-2.025932072,-4.671912375,-6.04556359,-7.092186945,-6.652920733,-6.72937545
144,-0.6701272927,-2.387445513,-2.96594939,-4.503237664,-2.890353117,-2.547478376,-6.660057474,-8.008458556
145,-2.099829958,-2.469934254,-2.720754749,-2.256165099,-7.451474226,-5.685847971,-6.429005582,-8.759408767
146,-2.448744151,-1.590675337,-2.728307435,-2.980758908,-5.043492662,-6.739342629,-4.560999568,-6.549740499
147,-0.4557971835,-1.088418704,-3.418676702,-4.182378218,-6.059168253,-6.410381833,-6.953676092,-7.951953755
148,-2.473390882,-2.54802225,-2.642657799,-5.127833332,-2.219365085,-5.819345015,-4.161933385,-8.367887796
149,-2.109477247,-2.071065511,-4.09361714,-1.871262337,-4.637417625,-6.230660429,-4.831600911,-10.11342127
150,-2.106565931,-1.284445613,-3.747031834,-5.86856271,-5.432462104,-4.13677523,-6.149034266,-5.573500264
151,-1.688545772,-2.256124497,-3.261334967,-4.471796075,-4.020293208,-4.373478587,-7.902826524,-8.420066797
152,-0.5979650048,-0.9671521027,-3.723003092,-4.712588666,-6.480908315,-6.51356114,-7.271636411,-7.326363186
153,-3.562840068,-0.5444911869,-2.609145536,-2.432482439,-6.679744399,-5.356442984,-5.590116047,-6.1644419
154,-2.547645633,-2.195941576,-1.949657096,-4.2360509,-7.17933244,-4.662863357,-6.253670708,-6.644142421
155,-3.571763143,-2.67287666,-4.772036296,-4.029121988,-1.701680194,-5.08687464,-5.732012895,-5.649303624
156,-1.336177092,-1.573191774,-1.974724396,-3.90506263,-2.858352052,-3.836186716,-6.119523639,-11.31005067
157,-2.994585481,-4.154570101,-2.952538342,-5.969099972,-7.781962746,-6.451656711,-3.340386701,-5.824059976
158,-1.18342971,-2.724298523,-2.851374391,-2.762288238,-3.814627573,-5.268579086,-4.102000804,-4.92617534
159,-0.6955641898,-4.529638349,-3.083335615,-4.465025986,-3.896552811,-4.437932873,-8.7351434,-4.492089437
160,-1.398782134,-0.873397407,-3.360160517,-3.452069713,-7.083227403,-5.887462906,-8.587313364,-5.394543956
161,-1.602271593,-2.698374248,-1.063523068,-3.119431958,-6.899348862,-7.540750543,-5.799674067,-9.066125808
162,-4.694824256,-0.9887287124,-1.578590453,-4.649281932,-5.115707935,-3.044625896,-5.834949694,-8.299346946
163,-1.947735799,-4.46366212,-1.507808986,-4.572136715,-3.402133094,-5.444586034,-6.800726686,-7.606874795
164,-0.9035892253,-2.79904168,-1.46300615,-4.53024759,-4.870180248,-4.264099094,-6.333042344,-8.479926731
165,-3.137529034,-1.836836793,-5.299979792,-5.144674959,-6.228682695,-4.414067288,-5.406342606,-6.247317883
166,-0.2626560831,-3.144656121,-2.817470712,-4.490642838,-4.951201908,-6.504154268,-5.955291052,-8.245148941
167,-0.3041226562,-2.150024724,-4.503144271,-1.86486111,-5.656008243,-4.208063635,-4.010898497,-5.467635392
168,-2.307475328,-4.109399568,-3.067116431,-5.941232084,-6.192765745,-6.712568569,-7.125261839,-5.533136398
169,-2.064038684,-2.005119561,-1.427437897,-5.777741785,-4.457637539,-3.938765901,-8.044369729,-8.127980019
170,-2.204261692,-3.927955322,-5.102480669,-3.83334915,-3.158054356,-7.541031611,-6.146434412,-8.936461437
171,-2.418742738,-4.067026605,-3.42452286,-3.438489137,-5.102817101,-5.646251353,-6.086501345,-7.172620182
172,-2.641863189,-1.535227485,-3.287184413,-1.707459723,-4.193388697,-5.039891101,-7.038631545,-7.152675926
173,-1.54003259,-2.060066794,-1.179381736,-4.117783702,-3.987570428,-3.514301431,-5.84584357,-10.68121802
174,-1.633533664,-3.642400846,-4.071656235,-4.479669686,-3.265360566,-5.736451344,-3.694282593,-9.16225594
175,-1.103628464,-2.134559526,-0.4110181031,-2.216720682,-7.091415446,-7.058104353,-6.223108543,-7.689536382
176,-4.476229321,-2.877798183,-1.990200856,-3.173428742,-5.440217832,-5.201889346,-3.92560262,-9.532305797
177,-0.6495208119,-2.140965462,-3.056638224,-3.400951099,-2.757510996,-3.167183151,-5.31934839,-7.060255683
178,-1.879932666,-2.559266487,-3.306493173,-3.727697785,-5.263726303,-6.548091771,-9.151878396,-6.762482619
179,-1.591842216,-1.811863105,-3.27703428,-2.137569885,-3.221791168,-4.834652162,-4.621444911,-6.853122307
180,-1.874191431,-3.580039283,-3.741365535,-4.366751993,-3.92498153,-2.352664842,-6.06185451,-7.811789665
181,-2.23184689,-2.442664527,-3.593849812,-3.294988846,-7.179250427,-4.608724525,-5.928881972,-7.04894536
182,-1.160138197,-2.828370182,-4.223878298,-5.293331049,-6.345324593,-4.453028623,-5.613308565,-7.45957523
183,-1.133841811,-1.908294027,-1.944312546,-4.001657727,-7.98502316,-6.377080366,-6.862880784,-7.16575295
184,-1.065256537,-0.3298281299,-4.501860072,-5.379187426,-4.08032886,-5.350551718,-6.963039905,-5.829913315
185,-3.633716747,-2.112144213,-3.504860789,-4.858383351,-5.399007288,-5.223802162,-7.646595938,-4.450175772
186,-1.999573842,-0.8391329762,-3.094498504,-2.924112963,-5.050437714,-4.939190426,-5.835799454,-10.04688653
187,-1.599037018,-3.55047611,-2.240136743,-3.052743238,-4.107069611,-5.676609294,-8.484384638,-6.683868518
188,-2.787163642,-4.263372609,-2.291196356,-3.126550767,-4.071438074,-4.503338489,-3.903553578,-7.087109197
189,-1.628007292,-3.087392317,-2.730113446,-3.519769382,-6.204105776,-3.789600761,-7.712159199,-5.790502227
190,-0.6526624243,-1.821396274,-4.515337552,-4.96579379,-5.686544914,-3.956330687,-6.915493038,-8.575147697
191,-1.067756732,-2.033042397,-5.154861456,-2.518855414,-8.399573653,-4.239637256,-11.40559337,-8.198351754
192,-1.857547048,-5.667671159,-2.59852658,-4.328356086,-5.442941142,-8.327143026,-6.600159342,-3.610243705
193,-2.820570651,-0.777768105,-1.504823027,-5.021747696,-7.027218515,-5.131756532,-7.342089965,-6.641142084
194,-1.867724337,-1.468361374,-4.539048836,-4.573245147,-6.653027,-2.680482019,-5.250877119,-7.570683111
195,-3.505325674,-3.400359434,-3.653635696,-2.028616432,-6.543891881,-4.487121423,-6.980951661,-4.574304505
196,-0.4496058211,-1.759622473,-2.678121635,-5.735576015,-5.453036285,-4.93771305,-5.122608007,-5.719996605
197,-1.693272005,-1.77600859,-3.998841149,-5.17400278,-6.507721343,-4.950277669,-5.012089348,-4.225599471
198,-0.9926539227,-1.707081358,-3.868421295,-6.65967991,-4.701279192,-7.272455495,-8.093917827,-6.656040814
199,-1.602830956,-2.032150414,-2.639823764,-3.591306023,-6.512312697,-6.342653769,-9.214558178,-9.976103414
200,-2.201822274,-1.82727902,-3.342537913,-4.458516339,-3.192411507,-4.290944748,-8.158595471,-5.588616313
201,-1.829845789,-2.019120192,-1.77230979,-1.765223207,-4.406337916,-5.394787435,-4.876488453,-7.251462574
202,-1.640401281,-3.287986668,-4.044351094,-2.59494986,-4.71779431,-5.890034766,-6.30141272,-4.043927956
203,-0.4479512379,-3.517109468,-2.187827013,-4.217004899,-5.549082319,-5.12270634,-6.448884186,-6.266492734
204,-2.011763515,-2.924563678,-4.937771711,-6.056013586,-4.202268898,-6.853327348,-4.720998326,-5.40942233
205,-1.306060668,-0.7323785182,-3.977008121,-5.664778151,-5.15552138,-6.297610291,-5.652473651,-6.109304441
206,-1.044202045,-1.660544841,-1.411729496,-2.980849282,-4.563343428,-1.688762292,-4.385841089,-6.522978075
207,-1.013671502,-3.898790918,-4.338907438,-5.162955014,-5.318226896,-5.586558951,-4.744874252,-5.508505453
208,-1.041270238,-2.808142176,-2.370578304,-3.973336066,-7.390430449,-4.710230016,-6.585391348,-6.661045771
209,-1.067842455,-3.706083928,-3.228147639,-3.580248419,-3.370272336,-5.771712602,-5.841491024,-7.67917897
210,-1.519412911,-1.870853582,-4.056512325,-4.795973276,-6.466008496,-13.34303789,-4.798513049,-5.528235954
211,-0.7200211811,-2.794190505,-0.9507103468,-6.72616972,-3.760030295,-4.071613253,-8.356524269,-10.78098793
212,-1.703979147,-1.730485081,-5.809524207,-5.573083709,-6.805604401,-2.043619739,-4.930065269,-6.752642122
213,-0.5637135855,-1.357017442,-3.939266604,-6.353516779,-3.981920033,-3.325020042,-7.259685287,-6.954059589
214,-2.55088023,-3.570045512,-3.389274879,-2.656502861,-5.836041729,-6.559542958,-6.025276376,-6.148942523
215,-0.7921568793,-3.463049889,-5.462674718,-5.38469274,-3.232030516,-4.229117177,-3.465918141,-7.46099415
216,-1.827495154,-1.524695744,-5.832851221,-5.701139198,-2.585155455,-5.2096413,-7.356321528,-5.550500186
217,-1.303606225,-2.781919795,-2.858136963,-5.028763775,-6.475262338,-6.286178431,-7.407069456,-6.567728834
218,-1.324697315,-1.248007832,-4.068070867,-5.456591033,-2.367400762,-4.915435781,-7.543871062,-7.175200812
219,-0.518640889,-1.390352907,-3.345578524,-2.919809274,-4.675586026,-5.746822895,-6.516900259,-6.010755825
220,-1.251027649,-3.171761487,-2.518144325,-4.704661644,-6.792271581,-3.589734825,-3.771125412,-8.470882319
221,-1.446274764,-3.938856747,-3.16745377,-3.049824171,-5.827543791,-4.429483324,-6.258766983,-9.037149909
222,-1.80767833,-2.436508852,-2.415774364,-4.500172422,-3.991216072,-7.194558357,-6.351611924,-5.67652789
223,-3.178784615,-2.244638737,-2.607733755,-4.025503424,-5.277656074,-7.333625702,-6.207777212,-3.428493948
224,-0.5123236804,-3.259475536,-3.379269375,-7.139601949,-3.834353823,-6.942590258,-6.283358861,-8.671513882
225,-2.674798577,-0.7219009209,-1.639835781,-3.643604576,-4.684873904,-5.449869095,-9.134075321,-8.693918104
226,-0.6038168916,-1.316682502,-2.028877894,-3.770462262,-9.064214838,-5.443411293,-7.816039161,-9.707395875
227,-0.9357914522,-2.146490214,-3.743980089,-4.299391383,-3.211490302,-4.34517865,-7.363487572,-6.09238083
228,-0.7101352347,-3.346446405,-4.00753378,-1.162723947,-2.404841117,-4.199208065,-6.411356894,-5.446756256
229,-0.3577321865,-0.6337027947,-4.440559529,-3.272328573,-2.941899719,-6.711589753,-3.544364323,-7.694147456
230,-1.312525917,-1.655238807,-2.48845437,-2.662594524,-6.86110112,-4.550203498,-4.694590765,-6.79358835
231,-2.028346494,-0.9288697661,-1.861112153,-3.97385768,-3.881776358,-5.256849317,-4.915657242,-7.892022104
232,-3.719171564,-2.542762774,-3.420030966,-1.736808549,-6.523353425,-5.34965438,-7.951570239,-8.811822915
233,-1.441484736,-3.795469168,-0.8846346281,-5.25070534,-5.913568775,-4.642038094,-5.696636345,-6.516299327
234,-3.072794883,-3.131173001,-2.908123862,-5.723748452,-3.994948912,-3.843472342,-3.178045844,-9.074457218
235,-1.402648366,-2.696779638,-3.471110506,-5.210010601,-6.085395926,-5.923191051,-6.63844694,-9.252126174
236,-1.137318591,-0.9228082409,-5.307100209,-4.107832641,-5.645251864,-5.064046577,-6.248638732,-10.53849145
237,-1.062930973,-3.220012245,-2.233345321,-6.248745611,-6.049337507,-6.353331582,-3.803227535,-6.256005627
238,-1.596517129,-1.481938971,-5.917695358,-2.19716647,-4.821258004,-3.927602525,-6.943190845,-5.454872256
239,-3.041543971,-1.038165176,-2.913768525,-4.876757317,-4.420894614,-5.58076262,-6.353050327,-7.876131745
240,-1.033205136,-3.704227346,-2.19980722,-2.972833289,-4.25854858,-4.915660937,-5.950258016,-13.46894826
241,-2.162001454,-1.782761989,-2.386494896,-4.243661376,-4.250238968,-4.378069274,-6.935346853,-8.595918279
242,-0.451350441,-2.559309618,-4.947586579,-2.920805394,-4.212377772,-5.27939762,-11.06632811,-6.476618693
243,-2.162537978,-2.758784097,-2.276684141,-5.357561844,-2.659886495,-3.692760475,-5.588204639,-6.649559686
244,-3.21614538,-3.557547193,-4.321732561,-3.661724565,-2.818745487,-6.874728414,-6.262654445,-3.260929434
245,-1.695497913,-1.433246693,-2.633262368,-5.740562053,-5.07403052,-10.26684539,-7.873842166,-7.017186077
246,-1.690315753,-2.762572595,-1.99234336,-3.359465984,-9.110283228,-7.976456062,-6.411292958,-12.21853427
247,-2.847693468,-1.306578882,-3.079766199,-4.12312377,-5.328822225,-7.787019994,-9.097082905,-6.114964174
248,-0.6279679812,-4.621004959,-2.506714203,-2.802384633,-4.276542455,-3.705329324,-5.174956168,-4.90496448
249,-1.394498678,-3.114263854,-2.716036141,-4.068340441,-4.546996762,-7.651385892,-9.516961498,-5.706117937
250,-2.635360628,-2.494226685,-3.817587736,-2.198099973,-5.554832378,-4.8535632,-6.487096007,-6.649118958
251,-2.291888983,-3.54664702,-1.801125963,-5.641438288,-3.916686191,-8.246567024,-8.345038486,-7.432447678
252,-0.4338840836,-4.264032853,-3.10940654,-2.890529995,-4.54138421,-3.725421322,-7.157937277,-4.68411589
253,-1.335879075,-2.557757743,-2.409466717,-3.965757168,-5.251575805,-8.199284546,-8.603760033,-4.785428266
254,-1.208450613,-2.197172758,-2.839328002,-4.003014863,-7.792602729,-8.045714376,-4.423791644,-6.613037543
255,-1.818116294,-1.45860343,-2.598057648,-3.455095094,-4.842697565,-5.337670088,-7.49714292,-6.977626101
256,-2.13283757,-3.312686742,-4.176218693,-3.207804728,-5.068791127,-7.305458968,-4.6741753,-7.646237045
257,-2.047397554,-2.879159707,-2.366996221,-4.236432582,-2.990349507,-4.779670008,-6.900944184,-7.926848974
258,-1.044026994,-2.604480443,-3.710732605,-3.414890769,-5.843928859,-3.819120394,-7.804571337,-5.592998756
259,-0.2353817671,-0.3484356937,-2.104719853,-5.605983926,-7.243228908,-4.883255412,-8.39858318,-7.115991474
260,-2.435521607,-3.982667649,-4.481715789,-4.57952412,-7.140100352,-3.122923695,-7.505860948,-6.439290195
261,-1.173990305,-3.373843738,-3.214775108,-6.119421862,-2.937865687,-5.854953708,-6.121231863,-10.34097453
262,-0.9477794979,-3.79300285,-4.479969204,-3.837333583,-3.609179913,-6.930606,-6.86403323,-9.158302815
263,-1.705214397,-1.558313361,-1.28570912,-3.482145185,-0.8212705319,-6.392754889,-2.295767943,-11.31112839
264,-1.021970256,-2.588794747,-3.726712435,-2.745498173,-5.274058041,-3.079655729,-8.0116679,-8.270888047
265,-1.811830682,-1.185582588,-4.208341618,-6.151361475,-3.198517734,-5.877407109,-8.140588454,-4.83693162
266,-1.527231323,-1.384880407,-2.873844384,-1.709432656,-4.661559092,-5.313466707,-7.652238832,-6.153742574
267,-2.420603277,-3.680088894,-3.612105817,-5.238610914,-8.315514859,-6.409071196,-6.95312118,-6.699707338
268,-1.39527974,-4.043097962,-1.962422838,-3.616370623,-7.937289525,-6.908097942,-6.303265271,-7.373480732
269,-1.61033453,-1.004301149,-3.909535866,-4.827111065,-7.834719706,-7.139878135,-6.971798845,-6.903364032
270,-2.354147819,-2.061675444,-2.594672738,-2.46602983,-4.851692996,-4.578676245,-5.242029385,-6.718016389
271,-0.1155325928,-2.127299952,-3.948828636,-4.974451026,-7.460857812,-4.915938555,-4.307532,-7.526568288
272,-2.564341211,-2.504372694,-2.050921072,-5.311355743,-3.967905731,-7.355370044,-6.857262555,-11.69981022
273,-0.7076810991,-3.982078618,-5.492950998,-1.665592405,-6.559178975,-7.322509,-7.363718084,-7.631091636
274,-1.261170315,-2.750619911,-3.518049111,-5.458966313,-4.371717432,-5.761818667,-5.135244595,-3.90161883
275,-1.022680894,-1.876531168,-3.914544414,-3.114624897,-6.54594225,-2.813943148,-7.745676482,-7.607907607
276,-1.210297694,-4.776874668,-4.977224687,-4.455860048,-7.316656503,-5.244663004,-3.611595454,-5.067734802
277,-1.14574997,-2.314956444,-1.378129407,-3.135892618,-6.739617164,-4.541673196,-8.7216848,-12.98520909
278,-1.304789058,-2.616530391,-4.468691401,-1.80335619,-4.490551182,-1.949145208,-4.064185681,-9.284353044
279,-1.060091875,-0.8414979064,-2.044061573,-5.548688763,-4.896218377,-7.797629594,-5.621600771,-10.79863215
280,-0.6827498036,-2.004668482,-5.457902064,-2.550768404,-4.579192291,-3.796967657,-3.048854477,-4.931468404
281,-0.6435855702,-2.706926733,-3.224792244,-3.253662143,-3.703093239,-3.005973054,-5.995943623,-7.912916052
282,-2.214482831,-1.073619607,-2.870258737,-4.18046235,-3.988541288,-6.110262376,-4.284112609,-5.81680685
283,-2.877908548,-1.773728367,-2.536520418,-3.582203569,-4.53654709,-3.399281895,-10.46812932,-5.795846892
284,-0.7130933379,-2.392830217,-3.439786959,-6.891737778,-3.405415136,-3.16509479,-5.410078462,-7.669660939
285,-2.485550649,-1.833607172,-3.28682872,-1.308702708,-3.633414992,-6.354957871,-4.825170391,-5.123322471
286,-3.017126237,-1.435819603,-2.93101034,-5.204901945,-2.217388255,-6.012700204,-6.092021361,-6.418166117
287,-0.04473373429,-5.26950983,-3.781233583,-3.205251992,-2.909418792,-4.16997889,-6.235879302,-6.627988795
288,-1.345788036,-1.686376672,-4.662450048,-2.403613669,-3.040734595,-5.665503016,-6.902488309,-10.12827493
289,-2.194499947,-1.211118975,-4.197993504,-4.633068618,-7.212873903,-4.707519857,-2.608389418,-6.88392823
290,-1.564258684,-3.024632026,-3.477572492,-3.792679075,-3.945282383,-5.860340025,-4.223251339,-7.190816591
291,-1.140213864,-1.380711469,-2.905762418,-4.240798089,-7.146826277,-5.587481656,-5.644324876,-4.550009737
292,-1.747766737,-1.568990242,-5.503667039,-6.711829909,-3.487437381,-5.103771144,-6.819666503,-7.909632763
293,-1.514151262,-1.663252036,-1.739455342,-4.862173734,-5.528964578,-6.009433959,-7.120750774,-6.450421207
294,-0.9132780645,-2.476319075,-1.669987626,-3.305263425,-8.912860042,-7.412217067,-5.457311952,-9.747489948
295,-1.139427707,-2.613902623,-2.092555167,-2.27307065,-3.344190078,-7.820350946,-6.332080197,-7.594320927
296,-1.936289078,-1.646377941,-2.287998099,-3.217344784,-4.285805776,-4.037010462,-8.943200648,-7.439918813
297,-4.172637407,-2.2332466,-3.352500275,-2.826399125,-5.290829088,-3.712467997,-4.661020762,-7.397106946
298,-0.5172382155,-2.308840442,-2.758727027,-4.556568225,-4.767712016,-8.563007505,-8.077904186,-6.998231298
299,-2.263009355,-2.554305892,-1.928345228,-3.018482919,-5.568599595,-4.527979567,-5.115114994,-4.492221205
300,-1.755821334,-1.064179011,-3.478368237,-1.868963976,-4.960101798,-7.371685128,-2.390121593,-11.01344282
301,-0.4238000516,-3.371702646,-2.341386852,-3.727864038,-8.25046447,-4.631779195,-5.135239676,-8.870371462
302,-1.170906726,-2.712712799,-0.4642529695,-7.784943113,-6.128797094,-4.185489797,-8.422709658,-10.41137779
303,-1.217868964,-3.21184372,-2.126993398,-3.772521963,-4.584935512,-4.140711836,-6.446296196,-6.035816922
304,-1.645841213,-3.279472844,-1.640744228,-4.07402919,-7.496900511,-2.609344579,-5.851414785,-5.423897675
305,-1.962692094,-1.972587712,-3.381392119,-3.709593163,-3.821571528,-4.347526528,-6.154292827,-9.486132996
306,-0.2719730741,-1.735014123,-6.225333748,-2.088396763,-4.978620153,-5.175938928,-9.817140997,-7.536148275
307,-0.08031858398,-2.791983007,-1.567479881,-2.832106902,-2.79216011,-6.57546367,-7.935305221,-10.05197435
308,-1.802593288,-0.9375893462,-1.944308174,-4.066186885,-5.689456117,-5.686769265,-8.865151099,-6.031228333
309,-0.7816159654,-4.522906444,-1.821566905,-4.99811811,-6.255482824,-7.153547681,-7.60708196,-8.05981694
310,-0.7049640228,-1.615049724,-2.60679911,-4.655466783,-4.970291666,-4.692411332,-7.29204655,-7.330636291
311,-1.518000108,-2.332265201,-3.433110836,-5.892892955,-6.188552303,-7.756385224,-5.661744673,-8.213063401
312,-0.7604104675,-2.400967241,-3.235561636,-3.659563966,-3.937520744,-5.433840861,-6.624863831,-10.36965082
313,-0.8155036393,-1.725970167,-5.390898757,-5.921686251,-5.127883444,-3.69360346,-8.675090049,-6.5756979
314,-0.1956705882,-1.08269152,-5.239552772,-2.831136158,-2.52274492,-7.328240353,-3.146845447,-6.496033188
315,-0.2430966461,-1.823800762,-2.382139635,-6.372997966,-3.422044682,-4.180451898,-6.619300246,-9.01681426
316,-1.518672727,-0.6763906298,-2.029197436,-3.559982359,-7.029975825,-6.833096764,-5.193738087,-4.221671566
317,-3.976301514,-3.230984981,-2.590567893,-3.900165938,-5.032687577,-7.341281561,-7.038441456,-5.103720027
318,-0.6111746508,-3.794928273,-3.752553431,-4.190822993,-6.495061828,-6.221900682,-7.291038837,-14.01329211
319,-1.363796844,-5.895057399,-1.332322122,-7.746053829,-5.893057041,-6.037866469,-12.34234456,-7.687153194
320,-1.461847061,-1.973146124,-3.977255015,-4.186261439,-7.496199899,-6.349193481,-6.750154568,-9.539191445
321,-1.790308963,-1.693386632,-2.562299869,-4.44800378,-3.755656503,-4.627635122,-3.91744379,-6.307457536
322,-0.596764099,-2.567429075,-3.697294819,-4.282457005,-3.341476794,-6.666061868,-9.431369854,-4.227423802
323,-0.9612299606,-0.3571476493,-3.397845875,-4.642312685,-4.363481913,-7.145786518,-3.900654617,-7.377292561
324,-0.5822349129,-3.454061231,-3.427735859,-6.785984791,-6.94119584,-5.273615332,-7.326496755,-5.694770369
325,-2.156706273,-1.570527201,-4.347382508,-6.817657075,-6.626067782,-7.855709886,-4.053128688,-5.179449415
326,-0.4807235322,-2.647161621,-1.843596918,-2.750679389,-5.839607547,-3.918952007,-7.471864659,-7.062214275
327,-1.975825228,-1.873273965,-4.473604392,-2.470212725,-3.370608393,-5.520882917,-6.34819465,-5.924244181
328,-1.41160146,-2.167346906,-3.373581336,-3.338595151,-4.319685428,-7.716729362,-6.17773541,-6.925975284
329,-2.2173687,-2.070988991,-1.908516655,-3.448870954,-6.41758731,-7.865945253,-6.112314273,-8.298385983
330,-1.311550483,-0.9250917432,-2.617575255,-4.047733175,-5.068205018,-5.402249898,-6.312914473,-7.712289543
331,-0.1942304073,-2.192408344,-4.706860791,-4.900798871,-5.159806687,-5.453136947,-5.186143475,-4.686606549
332,-2.771802713,-0.9573743698,-3.532303388,-3.114687667,-5.166154383,-4.024267735,-5.900345741,-6.155736146
333,-1.668917236,-1.982506755,-1.926402671,-4.635283978,-3.915656702,-5.175559546,-4.600295531,-7.3552842
334,-0.6434287172,-1.107564818,-4.098056833,-3.428753381,-3.284900457,-8.414279678,-8.145264743,-8.342102033
335,-1.710884104,-0.7340399216,-3.15525836,-3.321806494,-7.103569005,-3.209380542,-5.063120427,-7.853075913
336,-0.1294421536,-2.766536643,-3.102933541,-3.091765088,-3.696160962,-6.587921176,-5.955279493,-10.24056308
337,-1.023555748,-1.935304412,-4.500522522,-6.006409624,-6.077683692,-4.854685169,-9.285611597,-7.339984258
338,-0.8886814663,-3.376538968,-3.241128736,-3.451560335,-5.74713258,-7.62841202,-10.45698829,-9.881965978
339,-4.229530244,-1.710515681,-2.994438997,-2.569336322,-5.781944478,-3.508933661,-5.793287764,-6.11734086
340,-0.5988199377,-3.545610855,-3.690207184,-2.575122726,-4.784379216,-6.254550178,-8.447983654,-5.990483337
341,-1.309935612,-1.433405023,-3.103789238,-3.176262463,-4.917829921,-5.988573887,-5.382484436,-10.25797213
342,-0.5772794029,-3.833240627,-3.763885795,-4.7305502,-7.140886516,-5.971915647,-3.066344671,-10.12588998
343,-1.368427368,-1.708162304,-3.38283378,-2.544875487,-4.33145079,-4.128805324,-4.989393562,-8.223178941
344,-2.024881228,-2.088665628,-3.937502787,-5.237068917,-6.707287982,-4.486998273,-6.60144104,-7.272332058
345,-2.073626495,-4.278673877,-4.730158342,-3.56138357,-4.967817663,-3.566988302,-5.846937722,-5.018677011
346,-1.676479499,-3.067885947,-0.7318659397,-5.931864698,-7.173732579,-5.727422146,-7.254935757,-9.114260393
347,-1.501884418,-3.188308238,-3.490877123,-3.864783117,-5.563630971,-4.767385709,-7.374012183,-6.43815841
348,-2.512599416,-2.775488473,-2.823367868,-4.453999839,-3.563592013,-4.348491193,-5.143603892,-5.37654093
349,-0.7910011811,-2.261979701,-2.614023069,-4.766814846,-5.187187472,-2.973208264,-8.84857639,-5.775901902
350,-1.402913975,-2.865717984,-3.118572013,-2.939267558,-2.96330539,-7.240712134,-7.594889561,-7.655125015
351,-0.4938836113,-1.463158568,-3.373511189,-7.052239317,-4.910348272,-9.21632467,-6.149478175,-7.135668629
352,-0.7294341517,-2.190559172,-2.408339019,-6.129772622,-7.06595518,-4.828824688,-7.658349261,-7.592474261
353,-2.509793949,-3.097982653,-2.79330231,-2.778836275,-4.658032107,-6.897771166,-5.615041541,-7.728004532
354,-1.033834396,-1.981363716,-3.577123515,-3.179376573,-4.096665672,-6.109009716,-7.363818168,-5.686689773
355,-1.274645933,-2.519132815,-3.628785021,-2.932361708,-4.278751129,-3.713052202,-5.62064462,-10.02004417
356,-2.596127179,-3.35289905,-4.779743157,-4.27665588,-6.308549698,-7.03494406,-6.355880581,-6.086864277
357,-0.1898576034,-1.758474948,-3.854154336,-3.626730993,-1.926491854,-7.275522077,-5.887835548,-9.059769703
358,-1.965252511,-3.33348967,-2.14341742,-5.624109476,-4.117905228,-3.205715972,-8.842235201,-8.39865534
359,-1.869413026,-0.4228324191,-4.697029392,-2.511440362,-4.973918676,-5.334737438,-7.633860824,-7.550804965
360,-2.467886252,-2.245152239,-1.193887052,-2.796831116,-5.975432389,-3.588919286,-6.588138176,-8.164103547
361,-2.218967771,-2.041912965,-2.908599726,-2.538059608,-2.081473209,-7.443254811,-6.476157109,-10.03424308
362,-2.767196912,-3.628099786,-1.883449851,-3.696172802,-1.515473777,-7.5073307,-5.485942952,-6.001572941
363,-0.5840648467,-3.18501584,-6.099280897,-5.208058897,-5.243764658,-3.743813061,-6.411759456,-8.216579525
364,-2.312558905,-2.758276967,-4.612964757,-4.823851079,-4.826027089,-5.326897151,-6.037692733,-5.548265455
365,-2.649331636,-1.949166204,-2.880265675,-3.666405744,-3.530092909,-5.681959963,-5.206079868,-4.209408926
366,-3.181004307,-2.861610682,-3.165933661,-5.285324434,-4.664322293,-1.861629228,-6.744569531,-11.5669552
367,-0.7632079823,-2.078093448,-3.372754204,-4.033691903,-3.358810477,-6.725905679,-5.620040711,-6.818426993
368,-1.531183473,-2.251832033,-1.178270716,-4.067912571,-7.598035968,-7.133131977,-4.828958116,-10.31162082
369,-3.263314263,-2.236631329,-2.915387476,-3.477008808,-4.455253385,-5.565837949,-5.383242363,-8.555661822
370,-0.8847017325,-1.340672523,-3.467907285,-4.216924363,-5.28134747,-2.002629841,-6.03387843,-7.216739955
371,-2.594807151,-4.721078405,-3.764145282,-4.817448228,-4.303194581,-7.417639069,-4.599073238,-6.153285012
372,-2.540763486,-2.700378885,-3.194676944,-2.752091053,-3.864817548,-8.42397328,-8.332855615,-5.16159606
373,-0.4212974933,-3.296286261,-2.837440917,-4.610628759,-4.679113904,-5.635007685,-8.953094934,-6.69217698
374,-3.293099849,-1.280690299,-3.50217786,-2.517964943,-3.840608498,-6.240008741,-6.142317235,-9.248220407
375,-1.04037533,-1.47049038,-2.441829932,-3.298170313,-4.940610744,-6.594718828,-6.086331682,-10.58939409
376,-0.9205613436,-2.632909974,-2.429479569,-4.680329844,-5.033017388,-5.205639834,-6.844404362,-10.8778766
377,-0.5021929774,-3.859395948,-2.517172801,-5.005912396,-4.800145036,-6.016355608,-4.268950599,-6.273507095
378,-2.322732596,-1.230419156,-2.141624457,-3.958377896,-5.647045858,-3.825269707,-5.465761362,-9.205560022
379,-4.027363085,-1.589314194,-4.795857607,-4.62675727,-2.850684941,-4.414546937,-6.789255517,-7.765990605
380,-0.832206189,-1.192579537,-3.871616001,-4.501193148,-5.011852437,-4.300072324,-5.873359682,-7.78430195
381,-1.155414672,-2.671226624,-0.8825698018,-5.942279034,-1.477846367,-6.155091389,-4.690975908,-5.764956764
382,-1.628868131,-1.718975746,-3.256268578,-5.127315065,-3.757922241,-4.872913364,-3.437707924,-4.881730324
383,-2.6690618,-3.301077789,-2.602949212,-3.207039965,-6.965303183,-5.677960848,-5.142911427,-7.249399441
384,-2.071661794,-1.349697951,-2.467178152,-4.88046698,-6.759204645,-6.257872051,-6.154202984,-5.899039924
385,-1.292104659,-2.777208958,-2.408027852,-2.939691302,-3.686458128,-6.277252488,-6.202882411,-7.869548337
386,-2.93011522,-3.240132537,-1.910918101,-3.637120306,-6.216072827,-4.36262519,-6.351556512,-3.904649068
387,-1.293846373,-2.405113025,-4.311588214,-3.434086513,-2.516051758,-7.040015574,-7.6045774,-3.804902635
388,-0.7195863795,-1.557155909,-2.725707688,-3.936198682,-2.692069374,-4.925871849,-5.995806347,-6.971128641
389,-1.620851332,-4.981269403,-3.145094972,-2.311337431,-6.483443334,-5.756714492,-6.450388846,-6.437125235
390,-0.9426923837,-3.277199948,-3.056063887,-3.542914414,-3.37945323,-4.589458621,-9.433016701,-7.382327764
391,-0.3401810918,-1.980148535,-3.843624553,-4.422780564,-7.015578137,-7.819981534,-7.245001475,-7.446144374
392,-0.0733934941,-3.482212877,-2.263389676,-3.030838554,-2.017307765,-3.874544592,-7.354274931,-9.108607851
393,-1.322786145,-1.668885949,-2.148967809,-4.186262727,-6.988873937,-4.677599098,-6.82420406,-8.779396989
394,-1.841466036,-1.837146605,-2.628146843,-5.12873827,-3.42118708,-5.896912674,-5.742495076,-4.799570248
395,-3.553607945,-1.93487998,-1.934996922,-3.105707218,-3.148380062,-6.657372894,-5.569560566,-7.515651864
396,-2.082182182,-0.7786185479,-4.968944881,-4.783195939,-4.802708288,-3.975007719,-5.373148991,-7.123185046
397,-1.833065666,-3.982703688,-6.403063252,-3.258530486,-3.664597111,-6.058955139,-6.951922598,-6.579316914
398,-1.396758276,-1.538206568,-2.882256704,-5.76119955,-7.071691369,-3.928162447,-4.961548257,-6.262514051
399,-1.65065717,-3.130393217,-3.286029749,-1.964592798,-6.828509792,-6.882553926,-9.427049453,-9.278446878
400,-0.9408011247,-3.286711193,-2.769782938,-3.743047587,-3.603325661,-6.143885503,-6.884902009,-9.141218412
401,-1.127136377,-3.012985052,-2.700928472,-3.204678938,-3.317449594,-5.164723663,-4.50327106,-4.449200364
402,-1.776614236,-1.780993951,-2.141583764,-6.194257356,-6.074348155,-6.054703667,-4.580898141,-5.859117446
403,-1.277159064,-2.401481049,-1.485091821,-5.745979506,-3.508539243,-4.621564927,-7.233823297,-6.12593418
404,-1.113689907,-3.397433217,-3.772092099,-3.529956381,-5.509591254,-8.175002439,-5.234334542,-6.479962502
405,-0.967495339,-4.328406606,-1.700022419,-2.85270457,-4.161875702,-8.604656532,-5.823569899,-7.983250977
406,-2.705885253,-1.875674141,-2.562387725,-3.358914687,-5.077629313,-4.706068662,-7.978000905,-9.311289952
407,-2.183220636,-3.441590609,-5.253293268,-3.322403487,-4.795267789,-5.140784433,-4.260553036,-6.382357357
408,-4.163803175,-2.777381799,-5.216291667,-5.546493105,-3.178050394,-4.986731371,-4.701373919,-4.661053362
409,-2.551706214,-3.737757478,-2.188468401,-4.958607627,-6.939598935,-7.25953273,-7.083310871,-7.123304279
410,-1.237282724,-2.219839703,-3.15437705,-3.892632528,-4.547506721,-6.012700339,-4.916134207,-7.050418895
411,-1.856286348,-3.471931085,-2.821412761,-2.354853034,-2.944059493,-4.769143985,-6.064995768,-7.958943425
412,-0.2539784764,-1.304142867,-2.385727368,-3.809879792,-8.347069505,-5.006781198,-9.08790594,-8.970743603
413,-2.492222139,-4.031648173,-2.887749879,-2.782926533,-5.42773509,-4.945417813,-6.748139257,-7.522734463
414,-1.168213452,-0.9835042565,-3.580943398,-6.27936773,-3.601470188,-6.457398929,-4.992615819,-9.6552913
415,-0.9339240642,-1.302380759,-4.323299377,-5.199045735,-4.273488653,-6.173627137,-7.723698231,-7.501512974
416,-0.7332618374,-3.76347329,-2.271206904,-3.712436051,-3.133240667,-6.535295819,-4.172442004,-5.576064138
417,-1.432227652,-3.423900768,-4.353441971,-3.78182519,-2.873783045,-5.484585595,-8.707549079,-7.43168417
418,-2.375955042,-1.708102442,-4.980400296,-3.479520003,-3.568294905,-5.407176808,-5.431323295,-7.50922179
419,-1.773234442,-2.699367403,-4.60891536,-4.405796987,-4.267761834,-5.67540171,-6.630092742,-9.621410949
420,-2.311301403,-2.631342529,-3.167218817,-2.905757035,-5.386229034,-4.310431533,-7.654772587,-11.30094727
421,-2.304739124,-3.604799947,-4.919540986,-2.880884679,-4.083906573,-8.8441647,-7.707907257,-7.358984484
422,-1.26063965,-1.057373501,-2.578668079,-2.510571706,-5.260977012,-4.094169975,-5.033576605,-5.903123717
423,-1.512327496,-2.152436887,-4.889028645,-1.313096508,-3.917676471,-3.411730858,-5.468519699,-8.063704378
424,-1.867597258,-2.21969611,-2.900996092,-3.557510501,-5.267174077,-6.029012474,-7.710493903,-8.171763209
425,-1.1260833,-1.178628117,-1.340992042,-5.559859951,-5.343176999,-8.552717533,-7.89746921,-6.64350408
426,-0.7975700632,-0.8565747203,-3.947943767,-2.456255167,-5.785504228,-7.147716835,-6.653776787,-5.494948965
427,-3.200330812,-1.595931721,-3.341595386,-2.548928782,-4.487076875,-6.764924487,-6.090925801,-9.965352833
428,-2.238274997,-2.137955665,-3.547929876,-3.522050496,-4.733419944,-7.181274493,-8.041071891,-2.474913329
429,-0.1219468444,-4.721310158,-3.260107277,-4.063410715,-4.174998662,-10.67683776,-4.257728068,-6.402365546
430,-0.9874641957,-4.015004037,-0.8539639273,-4.406915258,-3.809460479,-6.254379813,-7.115232455,-6.25284388
431,-1.939522108,-2.045407553,-4.259625408,-3.146044496,-3.698140469,-4.368246882,-7.547829356,-8.379817888
432,-3.546638568,-1.532680949,-3.310191037,-4.041354791,-5.269805525,-4.956248177,-4.193169757,-4.897640723
433,-0.6021212906,-1.565202861,-1.666610734,-2.788517246,-4.467189577,-7.54076331,-6.146652394,-5.742572517
434,-1.328770731,-2.402501974,-2.061755602,-4.394603817,-3.315987667,-5.850366775,-6.38533888,-6.025908081
435,-1.1349853,-5.042889586,-2.511849186,-4.761322461,-2.34640683,-5.052631185,-5.999884546,-7.586016967
436,-1.4807324,-2.661404944,-2.531273596,-2.91225187,-7.203856002,-3.029063674,-5.858618096,-6.647326186
437,-2.426748303,-2.173101424,-5.470192897,-5.030769403,-6.111651659,-6.027495492,-8.108428139,-7.020969696
438,-4.155088677,-4.454349924,-1.866990327,-3.291541173,-4.479928147,-6.711637127,-7.053120595,-10.74287835
439,-2.169572268,-2.479585238,-3.048477496,-4.867269528,-3.781171128,-4.709532779,-2.664446082,-5.867437412
440,-1.550221039,-1.790633642,-1.71292481,-4.837556853,-2.845381838,-4.879537287,-5.681510702,-5.492487459
441,-1.399618977,-2.426572506,-3.880941168,-4.062321798,-2.409374449,-3.77780544,-6.994342731,-10.43240389
442,-1.562695189,-0.9570337357,-2.726859592,-6.021041971,-4.591099246,-5.386379366,-6.456820731,-13.66445664
443,-2.32941386,-0.9066302166,-2.008122092,-6.338467228,-6.157195621,-6.870765594,-7.29060142,-8.181419492
444,-0.8567645144,-1.981540576,-1.978232405,-3.108714367,-4.316512791,-6.51394992,-8.341134618,-7.599646155
445,-1.958675391,-1.327370278,-1.716576932,-6.640443464,-6.528532085,-3.745134201,-5.550458032,-7.079670401
446,-0.5578968672,-1.481082007,-2.295881337,-5.505495488,-3.427425867,-4.198719866,-4.269748622,-6.977026081
447,-0.3472276106,-0.9515961324,-2.447823617,-6.531517445,-5.4145335,-5.079505144,-5.341454675,-6.566626683
448,-1.165207152,-1.276432012,-2.346831654,-2.748388035,-6.185550199,-7.34437486,-4.67394223,-7.652642801
449,-2.483055367,-1.435618117,-3.56797772,-1.639624311,-7.580858298,-5.599387746,-4.527017454,-7.951609469
450,-1.113866319,-2.362709281,-5.547728572,-4.32097518,-5.655150551,-4.233498203,-6.232038182,-4.21851091
451,-0.6902906313,-2.843900832,-3.847106372,-3.236939567,-7.186748224,-6.43337004,-7.369395241,-6.874985157
452,-0.8008430522,-2.695230502,-4.634170583,-3.171780352,-5.74620938,-5.06440424,-7.916567352,-9.784984907
453,-1.086057232,-1.671374813,-1.8592312,-1.871583821,-3.367485146,-4.567262061,-6.814244041,-6.783825214
454,-2.787826606,-2.778647679,-3.234389317,-4.903209646,-6.08025399,-5.267577361,-6.567227438,-6.499629523
455,-0.3995233979,-0.9574978466,-3.810676389,-3.531640223,-4.891399944,-3.69730917,-5.322895701,-5.797995098
456,-1.505374854,-3.552170799,-3.248377817,-3.208664708,-5.585738593,-8.632162266,-11.75644826,-5.055058922
457,-0.7940214615,-2.810679295,-5.331576363,-4.527210612,-4.97379015,-4.786625126,-2.980368298,-5.37685112
458,-0.5515304474,-1.378907892,-2.907167924,-2.814601646,-3.899211781,-12.51695643,-7.328219071,-10.86594804
459,-0.8149700359,-3.715770453,-2.72598257,-5.239110599,-6.351897158,-5.384246444,-8.882943532,-8.474969335
460,-2.045053427,-1.839139905,-4.765744506,-5.426816118,-3.614780025,-6.208547452,-1.390750217,-8.265929424
461,-2.298351239,-2.27371373,-3.339641753,-4.552260175,-8.858501986,-4.332590397,-5.90110751,-7.11835707
462,-0.7167259604,-0.5896013846,-4.871602596,-4.44550975,-6.234068816,-8.569682105,-5.503100314,-6.806873488
463,-2.382195981,-2.605448714,-3.841277444,-2.004196492,-3.023367866,-5.600934851,-3.833936935,-6.570213569
464,-1.385929764,-2.983186137,-4.417253897,-5.423459717,-3.42135832,-4.508065739,-8.573874949,-3.516099726
465,-2.104721447,-2.522504044,-3.892518961,-4.588179383,-3.473559165,-6.220846943,-6.307368471,-4.601485291
466,-2.640084725,-4.544118473,-4.546601304,-4.672611039,-4.026903036,-5.616741601,-5.573887055,-6.12406175
467,-2.080928487,-2.821385269,-3.411986367,-4.11426226,-7.167478426,-6.836216219,-6.720790059,-5.44704433
468,-2.216916876,-2.214575285,-4.249309688,-5.696773126,-4.481726822,-6.778754869,-6.752637425,-4.743355173
469,-2.000993137,-2.202187156,-2.650041563,-5.565365759,-6.403341029,-6.886701378,-5.951261981,-6.926366616
470,-1.55580887,-1.245713832,-3.056132888,-5.194885388,-6.719376064,-5.471231533,-4.499885179,-7.299511919
471,-0.5998497175,-2.304547717,-6.541641435,-5.091819134,-5.395598537,-7.31222206,-6.744606841,-8.438587438
472,-1.72489697,-3.786531526,-2.349256994,-4.480785165,-5.473908419,-9.185863548,-5.872741705,-11.77549225
473,-2.653311371,-1.448207016,-3.809104609,-5.456665285,-4.551978512,-5.415160555,-6.182026591,-10.4319606
474,-2.376383994,-2.488648335,-4.22315553,-2.184759909,-3.150690412,-5.660055709,-9.387726742,-8.707206529
475,-1.471511305,-2.444478119,-1.991648352,-2.588340261,-6.744845813,-9.120654127,-5.352495887,-5.808920531
476,-1.453499431,-1.832544154,-2.407433678,-2.37745296,-2.45500334,-6.33254678,-8.722299944,-6.006639573
477,-1.855790838,-2.731173817,-2.686032366,-4.561001031,-3.705471296,-7.163555846,-6.841950613,-6.221756343
478,-2.746295145,-3.032340176,-3.904783828,-3.015548064,-5.886872616,-7.442434844,-4.492466481,-4.949672595
479,-1.406731595,-1.136011118,-1.983986006,-2.46081652,-4.510744274,-5.130761279,-8.317307798,-8.260519164
480,-0.7352888803,-2.428037844,-2.272871804,-5.406424058,-4.227566329,-7.141932074,-8.441607785,-6.489759515
481,-2.468063586,-3.169556534,-2.030713628,-3.334160653,-6.244773079,-7.72676729,-6.854726343,-9.086904564
482,-0.449203817,-1.731282221,-1.741230878,-2.443171055,-5.614792257,-4.248924105,-6.571733836,-5.218192273
483,-1.295517768,-3.643239923,-3.894525962,-4.00212958,-5.074857122,-7.159996749,-6.282732222,-10.55368394
484,-1.751453744,-2.45760611,-1.477387002,-3.951789338,-6.167420844,-3.171662637,-4.044433276,-8.271563944
485,-2.15688752,-2.367436538,-2.838242816,-3.378858296,-3.544223158,-8.972534968,-4.661439671,-6.863860156
486,-1.464728124,-1.300874369,-1.959829924,-4.943934825,-5.271991675,-3.842334047,-5.556985827,-7.853441078
487,-2.062718328,-2.948344141,-2.165461314,-5.555179239,-5.402825556,-5.713969051,-6.749640899,-7.791663985
488,-2.023481286,-1.167445911,-0.8162343575,-1.892510912,-4.18216654,-8.72830146,-4.928857581,-9.691192846
489,-1.777257953,-0.6395033961,-1.644384313,-3.925473858,-6.824732337,-8.346241521,-7.228203812,-6.395375911
490,-1.11852653,-2.932041467,-3.903954109,-5.244140437,-5.867628976,-6.818139379,-3.325850805,-4.713088995
491,-1.845523904,-1.596206934,-3.45369793,-5.207126835,-1.653268978,-7.022197727,-9.687353091,-6.577926618
492,-1.163412158,-0.8388874252,-1.952590012,-5.361412977,-4.399605027,-2.770922659,-5.163699795,-8.66283924
493,-1.65746816,-2.126116292,-3.28792268,-6.934279856,-4.410506709,-7.321063107,-6.064708449,-8.731819825
494,-1.896417446,-4.623515979,-2.691852652,-4.189310349,-2.999805024,-4.796665453,-5.193333125,-5.890637986
495,-2.511587019,-2.756867718,-3.693616044,-5.156679156,-3.523388554,-8.430804077,-4.653076905,-8.974976458
496,-1.481376811,-2.036117471,-4.390428489,-2.940258488,-3.57978099,-4.175068418,-6.526013072,-6.193343639
497,-1.376385123,-1.095550276,-3.691462781,-3.502875013,-6.272302433,-3.822414435,-8.049414622,-8.230996051
498,-2.559568702,-0.8277173285,-3.718768343,-7.053467211,-5.559444122,-7.134746234,-5.085647733,-2.394477978
499,-2.688061457,-2.563873395,-4.83581502,-2.558761946,-4.295806018,-6.029005808,-3.614552428,-6.988605547
